-- LOCAL DEV SEED - generated by app/scripts/gen-seed.mjs from a demo-mode snapshot.
-- Creates a fixed email/password test user (e2e@finapp.local) plus the demo dataset for it,
-- so agents / e2e can sign in to real PowerSync mode without Google OAuth.
-- Local only: the password is not a secret. Applied by `supabase db reset`.

begin;

-- Idempotent reset of the test user and its data (no-op on a fresh reset).
delete from public.trns where "userId" = 'e2e00000-0000-4000-8000-000000000001';
delete from public.wallets where "userId" = 'e2e00000-0000-4000-8000-000000000001';
delete from public.categories where "userId" = 'e2e00000-0000-4000-8000-000000000001';
delete from public.user_settings where "userId" = 'e2e00000-0000-4000-8000-000000000001';
delete from auth.identities where user_id = 'e2e00000-0000-4000-8000-000000000001'::uuid;
delete from auth.users where id = 'e2e00000-0000-4000-8000-000000000001'::uuid or email = 'e2e@finapp.local';

-- Auth user (email provider) + identity. crypt/gen_salt come from pgcrypto (extensions schema).
-- The token columns must be '' (not NULL): GoTrue scans them as strings and a NULL
-- triggers "Database error querying schema" on sign-in.
insert into auth.users (
  instance_id, id, aud, role, email, encrypted_password,
  email_confirmed_at, created_at, updated_at, raw_app_meta_data, raw_user_meta_data,
  is_sso_user, is_anonymous,
  confirmation_token, recovery_token, email_change, email_change_token_new,
  email_change_token_current, phone_change, phone_change_token, reauthentication_token
) values (
  '00000000-0000-0000-0000-000000000000', 'e2e00000-0000-4000-8000-000000000001'::uuid, 'authenticated', 'authenticated',
  'e2e@finapp.local', extensions.crypt('finapp-e2e', extensions.gen_salt('bf')),
  now(), now(), now(), '{"provider":"email","providers":["email"]}', '{}', false, false,
  '', '', '', '', '', '', '', ''
);

insert into auth.identities (
  provider_id, user_id, identity_data, provider, last_sign_in_at, created_at, updated_at
) values (
  'e2e00000-0000-4000-8000-000000000001', 'e2e00000-0000-4000-8000-000000000001'::uuid,
  jsonb_build_object('sub', 'e2e00000-0000-4000-8000-000000000001', 'email', 'e2e@finapp.local'),
  'email', now(), now(), now()
);

-- user_settings (the on_auth_user_created trigger inserts a default row; pin currency/locale).
insert into public.user_settings (id, "userId", "baseCurrency", locale)
  values ('e2e00000-0000-4000-8000-000000000001', 'e2e00000-0000-4000-8000-000000000001', 'USD', 'en')
  on conflict (id) do update set "baseCurrency" = excluded."baseCurrency", locale = excluded.locale;

-- Domain data (from demo): 8 wallets, 32 categories, 860 trns.
insert into public.wallets ("id", "userId", "name", "color", "currency", "type", "order", "creditLimit", "desc", "isArchived", "isExcludeInTotal", "isWithdrawal", "updatedAt") values
  ('demo_w_cash_rub', 'e2e00000-0000-4000-8000-000000000001', 'Cash', '#3b82f6', 'RUB', 'cash', 1, null, null, false, false, true, 1585408895295),
  ('demo_w_credit_rub', 'e2e00000-0000-4000-8000-000000000001', 'Credit card', '#ef4444', 'RUB', 'credit', 3, 300000, 'Credit limit 300 000', false, false, false, 1585408895295),
  ('demo_w_crypto', 'e2e00000-0000-4000-8000-000000000001', 'Crypto', '#f97316', 'USD', 'crypto', 6, null, 'Crypto portfolio', false, false, false, 1585408895295),
  ('demo_w_debit_rub', 'e2e00000-0000-4000-8000-000000000001', 'Debit card', '#f59e0b', 'RUB', 'cashless', 2, null, 'Main debit card', false, false, false, 1585408895295),
  ('demo_w_debt', 'e2e00000-0000-4000-8000-000000000001', 'Debt', '#64748b', 'RUB', 'debt', 7, null, 'Borrowed to a friend', true, false, false, 1585408895295),
  ('demo_w_deposit_eur', 'e2e00000-0000-4000-8000-000000000001', 'EUR Deposit', '#6366f1', 'EUR', 'deposit', 5, null, 'Savings deposit', false, false, false, 1585408895295),
  ('demo_w_savings', 'e2e00000-0000-4000-8000-000000000001', 'Savings', '#8b5cf6', 'USD', 'deposit', 8, null, 'Emergency fund', false, true, false, 1585408895295),
  ('demo_w_usd', 'e2e00000-0000-4000-8000-000000000001', 'Dollar account', '#22c55e', 'USD', 'cashless', 4, null, 'Dollar account', false, false, false, 1585408895295);

insert into public.categories ("id", "userId", "name", "color", "icon", "parentId", "showInLastUsed", "showInQuickSelector", "updatedAt") values
  ('demo_cat_cashback', 'e2e00000-0000-4000-8000-000000000001', 'Cashback', '#059669', 'mdi:sack-percent', null, true, false, 1585408895295),
  ('demo_cat_clothing', 'e2e00000-0000-4000-8000-000000000001', 'Clothing', '#ec4899', 'mdi:tshirt-crew', null, true, false, 1585408895295),
  ('demo_cat_education', 'e2e00000-0000-4000-8000-000000000001', 'Education', '#3b82f6', 'mdi:school', null, true, false, 1585408895295),
  ('demo_cat_entertainment', 'e2e00000-0000-4000-8000-000000000001', 'Entertainment', '#a855f7', 'mdi:drama-masks', null, true, false, 1585408895295),
  ('demo_cat_entertainment_hobby', 'e2e00000-0000-4000-8000-000000000001', 'Hobby', '#a855f7', 'mdi:palette-outline', 'demo_cat_entertainment', true, false, 1585408895295),
  ('demo_cat_entertainment_movies', 'e2e00000-0000-4000-8000-000000000001', 'Movies', '#a855f7', 'mdi:movie-roll', 'demo_cat_entertainment', true, false, 1585408895295),
  ('demo_cat_entertainment_subs', 'e2e00000-0000-4000-8000-000000000001', 'Subscriptions', '#a855f7', 'mdi:repeat', 'demo_cat_entertainment', true, true, 1585408895295),
  ('demo_cat_family', 'e2e00000-0000-4000-8000-000000000001', 'Family', '#e11d48', 'mdi:account-heart', null, true, false, 1585408895295),
  ('demo_cat_food', 'e2e00000-0000-4000-8000-000000000001', 'Food', '#f59e0b', 'mdi:cupcake', null, true, false, 1585408895295),
  ('demo_cat_food_cafe', 'e2e00000-0000-4000-8000-000000000001', 'Cafe & Restaurants', '#f59e0b', 'mdi:food-fork-drink', 'demo_cat_food', true, true, 1585408895295),
  ('demo_cat_food_delivery', 'e2e00000-0000-4000-8000-000000000001', 'Delivery', '#f59e0b', 'mdi:truck-delivery', 'demo_cat_food', true, false, 1585408895295),
  ('demo_cat_food_groceries', 'e2e00000-0000-4000-8000-000000000001', 'Groceries', '#f59e0b', 'mdi:food-apple', 'demo_cat_food', true, true, 1585408895295),
  ('demo_cat_freelance', 'e2e00000-0000-4000-8000-000000000001', 'Freelance', '#10b981', 'mdi:laptop-mac', null, true, false, 1585408895295),
  ('demo_cat_gifts', 'e2e00000-0000-4000-8000-000000000001', 'Gifts', '#d946ef', 'mdi:gift', null, true, false, 1585408895295),
  ('demo_cat_health', 'e2e00000-0000-4000-8000-000000000001', 'Health', '#ef4444', 'mdi:heart-pulse', null, true, false, 1585408895295),
  ('demo_cat_health_doctor', 'e2e00000-0000-4000-8000-000000000001', 'Doctor', '#ef4444', 'mdi:doctor', 'demo_cat_health', true, false, 1585408895295),
  ('demo_cat_health_pharmacy', 'e2e00000-0000-4000-8000-000000000001', 'Pharmacy', '#ef4444', 'mdi:pill', 'demo_cat_health', true, false, 1585408895295),
  ('demo_cat_home', 'e2e00000-0000-4000-8000-000000000001', 'Home', '#8d6e63', 'mdi:home', null, false, false, 1585408895295),
  ('demo_cat_home_electricity', 'e2e00000-0000-4000-8000-000000000001', 'Electricity', '#8d6e63', 'mdi:wind-turbine', 'demo_cat_home', false, false, 1585408895295),
  ('demo_cat_home_internet', 'e2e00000-0000-4000-8000-000000000001', 'Internet', '#8d6e63', 'mdi:wifi', 'demo_cat_home', true, false, 1585408895295),
  ('demo_cat_home_rent', 'e2e00000-0000-4000-8000-000000000001', 'Rent', '#8d6e63', 'mdi:home-currency-usd', 'demo_cat_home', true, false, 1585408895295),
  ('demo_cat_home_water', 'e2e00000-0000-4000-8000-000000000001', 'Water', '#8d6e63', 'mdi:water-outline', 'demo_cat_home', false, false, 1585408895295),
  ('demo_cat_investments', 'e2e00000-0000-4000-8000-000000000001', 'Investments', '#16a34a', 'mdi:chart-timeline-variant', null, true, false, 1585408895295),
  ('demo_cat_pets', 'e2e00000-0000-4000-8000-000000000001', 'Pets', '#f97316', 'mdi:paw', null, true, false, 1585408895295),
  ('demo_cat_salary', 'e2e00000-0000-4000-8000-000000000001', 'Salary', '#22c55e', 'mdi:cash-multiple', null, true, true, 1585408895295),
  ('demo_cat_sport', 'e2e00000-0000-4000-8000-000000000001', 'Sport', '#14b8a6', 'mdi:dumbbell', null, true, false, 1585408895295),
  ('demo_cat_transport', 'e2e00000-0000-4000-8000-000000000001', 'Transport', '#64748b', 'mdi:car-sports', null, true, false, 1585408895295),
  ('demo_cat_transport_fuel', 'e2e00000-0000-4000-8000-000000000001', 'Fuel', '#64748b', 'mdi:gas-station', 'demo_cat_transport', true, true, 1585408895295),
  ('demo_cat_transport_parking', 'e2e00000-0000-4000-8000-000000000001', 'Parking', '#64748b', 'mdi:parking', 'demo_cat_transport', true, false, 1585408895295),
  ('demo_cat_transport_public', 'e2e00000-0000-4000-8000-000000000001', 'Public transit', '#64748b', 'mdi:bus-side', 'demo_cat_transport', true, false, 1585408895295),
  ('demo_cat_transport_service', 'e2e00000-0000-4000-8000-000000000001', 'Car service', '#64748b', 'mdi:cogs', 'demo_cat_transport', true, false, 1585408895295),
  ('demo_cat_travel', 'e2e00000-0000-4000-8000-000000000001', 'Travel', '#0ea5e9', 'mdi:airplane', null, true, false, 1585408895295);

insert into public.trns ("id", "userId", "type", "date", "updatedAt", "categoryId", "desc", "amount", "walletId", "expenseAmount", "expenseWalletId", "incomeAmount", "incomeWalletId") values
  ('seed_t_0', 'e2e00000-0000-4000-8000-000000000001', 0, 1729898497853, 1781436653678, 'demo_cat_transport_public', null, 270, 'demo_w_deposit_eur', null, null, null, null),
  ('seed_t_1', 'e2e00000-0000-4000-8000-000000000001', 0, 1779743422576, 1781436653678, 'demo_cat_food_groceries', null, 2950, 'demo_w_credit_rub', null, null, null, null),
  ('seed_t_2', 'e2e00000-0000-4000-8000-000000000001', 0, 1706228922740, 1781436653678, 'demo_cat_food_delivery', null, 1740, 'demo_w_credit_rub', null, null, null, null),
  ('seed_t_3', 'e2e00000-0000-4000-8000-000000000001', 0, 1775967603863, 1781436653678, 'demo_cat_food_cafe', null, 1020, 'demo_w_credit_rub', null, null, null, null),
  ('seed_t_4', 'e2e00000-0000-4000-8000-000000000001', 0, 1740100388440, 1781436653678, 'demo_cat_food_delivery', null, 1920, 'demo_w_debit_rub', null, null, null, null),
  ('seed_t_5', 'e2e00000-0000-4000-8000-000000000001', 0, 1720815399679, 1781436653678, 'demo_cat_transport_fuel', null, 1540, 'demo_w_cash_rub', null, null, null, null),
  ('seed_t_6', 'e2e00000-0000-4000-8000-000000000001', 0, 1737380096913, 1781436653678, 'demo_cat_transport_public', null, 410, 'demo_w_debit_rub', null, null, null, null),
  ('seed_t_7', 'e2e00000-0000-4000-8000-000000000001', 0, 1745147830212, 1781436653678, 'demo_cat_clothing', null, 11780, 'demo_w_debit_rub', null, null, null, null),
  ('seed_t_8', 'e2e00000-0000-4000-8000-000000000001', 0, 1728019915953, 1781436653678, 'demo_cat_home_rent', null, 47220, 'demo_w_crypto', null, null, null, null),
  ('seed_t_9', 'e2e00000-0000-4000-8000-000000000001', 0, 1745912577546, 1781436653678, 'demo_cat_food_cafe', null, 1780, 'demo_w_debit_rub', null, null, null, null),
  ('seed_t_10', 'e2e00000-0000-4000-8000-000000000001', 0, 1743274389547, 1781436653678, 'demo_cat_entertainment_hobby', null, 1850, 'demo_w_debit_rub', null, null, null, null),
  ('seed_t_11', 'e2e00000-0000-4000-8000-000000000001', 0, 1742925264856, 1781436653678, 'demo_cat_food_groceries', null, 2230, 'demo_w_cash_rub', null, null, null, null),
  ('seed_t_12', 'e2e00000-0000-4000-8000-000000000001', 0, 1756556161886, 1781436653678, 'demo_cat_food_groceries', null, 1610, 'demo_w_cash_rub', null, null, null, null),
  ('seed_t_13', 'e2e00000-0000-4000-8000-000000000001', 0, 1756773388971, 1781436653678, 'demo_cat_clothing', null, 13710, 'demo_w_credit_rub', null, null, null, null),
  ('seed_t_14', 'e2e00000-0000-4000-8000-000000000001', 0, 1721973952012, 1781436653678, 'demo_cat_transport_parking', null, 390, 'demo_w_usd', null, null, null, null),
  ('seed_t_15', 'e2e00000-0000-4000-8000-000000000001', 0, 1710805699229, 1781436653678, 'demo_cat_food_cafe', null, 800, 'demo_w_debit_rub', null, null, null, null),
  ('seed_t_16', 'e2e00000-0000-4000-8000-000000000001', 0, 1724885226053, 1781436653678, 'demo_cat_food_cafe', null, 3710, 'demo_w_credit_rub', null, null, null, null),
  ('seed_t_17', 'e2e00000-0000-4000-8000-000000000001', 0, 1780026068868, 1781436653678, 'demo_cat_entertainment_subs', null, 410, 'demo_w_credit_rub', null, null, null, null),
  ('seed_t_18', 'e2e00000-0000-4000-8000-000000000001', 0, 1715486157040, 1781436653678, 'demo_cat_transport_public', null, 50, 'demo_w_credit_rub', null, null, null, null),
  ('seed_t_19', 'e2e00000-0000-4000-8000-000000000001', 0, 1765476686968, 1781436653678, 'demo_cat_transport_fuel', null, 2080, 'demo_w_savings', null, null, null, null),
  ('seed_t_20', 'e2e00000-0000-4000-8000-000000000001', 0, 1723954443491, 1781436653678, 'demo_cat_transport_fuel', null, 3980, 'demo_w_usd', null, null, null, null),
  ('seed_t_21', 'e2e00000-0000-4000-8000-000000000001', 0, 1720927335165, 1781436653678, 'demo_cat_food_delivery', null, 2670, 'demo_w_debit_rub', null, null, null, null),
  ('seed_t_22', 'e2e00000-0000-4000-8000-000000000001', 0, 1714137663230, 1781436653678, 'demo_cat_family', null, 9870, 'demo_w_savings', null, null, null, null),
  ('seed_t_23', 'e2e00000-0000-4000-8000-000000000001', 0, 1767017438825, 1781436653678, 'demo_cat_food_cafe', null, 3930, 'demo_w_debit_rub', null, null, null, null),
  ('seed_t_24', 'e2e00000-0000-4000-8000-000000000001', 0, 1715861567612, 1781436653678, 'demo_cat_transport_public', null, 380, 'demo_w_savings', null, null, null, null),
  ('seed_t_25', 'e2e00000-0000-4000-8000-000000000001', 0, 1753948626396, 1781436653678, 'demo_cat_entertainment_movies', null, 810, 'demo_w_debit_rub', null, null, null, null),
  ('seed_t_26', 'e2e00000-0000-4000-8000-000000000001', 0, 1751236854541, 1781436653678, 'demo_cat_food_groceries', null, 360, 'demo_w_deposit_eur', null, null, null, null),
  ('seed_t_27', 'e2e00000-0000-4000-8000-000000000001', 0, 1738333921947, 1781436653678, 'demo_cat_education', null, 8570, 'demo_w_crypto', null, null, null, null),
  ('seed_t_28', 'e2e00000-0000-4000-8000-000000000001', 0, 1774667065161, 1781436653678, 'demo_cat_gifts', null, 2920, 'demo_w_credit_rub', null, null, null, null),
  ('seed_t_29', 'e2e00000-0000-4000-8000-000000000001', 0, 1711497155608, 1781436653678, 'demo_cat_sport', 'Gym', 4680, 'demo_w_deposit_eur', null, null, null, null),
  ('seed_t_30', 'e2e00000-0000-4000-8000-000000000001', 0, 1731360069557, 1781436653678, 'demo_cat_entertainment_subs', null, 330, 'demo_w_credit_rub', null, null, null, null),
  ('seed_t_31', 'e2e00000-0000-4000-8000-000000000001', 0, 1718353987950, 1781436653678, 'demo_cat_food_groceries', null, 3170, 'demo_w_usd', null, null, null, null),
  ('seed_t_32', 'e2e00000-0000-4000-8000-000000000001', 0, 1773269298827, 1781436653678, 'demo_cat_food_groceries', null, 2240, 'demo_w_savings', null, null, null, null),
  ('seed_t_33', 'e2e00000-0000-4000-8000-000000000001', 0, 1748993199920, 1781436653678, 'demo_cat_transport_parking', null, 150, 'demo_w_deposit_eur', null, null, null, null),
  ('seed_t_34', 'e2e00000-0000-4000-8000-000000000001', 0, 1768098510593, 1781436653678, 'demo_cat_transport_public', null, 470, 'demo_w_usd', null, null, null, null),
  ('seed_t_35', 'e2e00000-0000-4000-8000-000000000001', 0, 1749581032434, 1781436653678, 'demo_cat_transport_parking', null, 330, 'demo_w_deposit_eur', null, null, null, null),
  ('seed_t_36', 'e2e00000-0000-4000-8000-000000000001', 0, 1774821472318, 1781436653678, 'demo_cat_transport_public', null, 200, 'demo_w_debit_rub', null, null, null, null),
  ('seed_t_37', 'e2e00000-0000-4000-8000-000000000001', 0, 1714024180936, 1781436653678, 'demo_cat_food_groceries', null, 780, 'demo_w_savings', null, null, null, null),
  ('seed_t_38', 'e2e00000-0000-4000-8000-000000000001', 0, 1749024132612, 1781436653678, 'demo_cat_food_groceries', null, 740, 'demo_w_crypto', null, null, null, null),
  ('seed_t_39', 'e2e00000-0000-4000-8000-000000000001', 0, 1765141097641, 1781436653678, 'demo_cat_transport_fuel', null, 4270, 'demo_w_cash_rub', null, null, null, null),
  ('seed_t_40', 'e2e00000-0000-4000-8000-000000000001', 0, 1705292025842, 1781436653678, 'demo_cat_entertainment_movies', null, 400, 'demo_w_debit_rub', null, null, null, null),
  ('seed_t_41', 'e2e00000-0000-4000-8000-000000000001', 0, 1706361965771, 1781436653678, 'demo_cat_food_cafe', null, 3160, 'demo_w_credit_rub', null, null, null, null),
  ('seed_t_42', 'e2e00000-0000-4000-8000-000000000001', 0, 1767203255493, 1781436653678, 'demo_cat_food_groceries', null, 630, 'demo_w_crypto', null, null, null, null),
  ('seed_t_43', 'e2e00000-0000-4000-8000-000000000001', 0, 1709556671942, 1781436653678, 'demo_cat_sport', 'Gym', 2320, 'demo_w_debit_rub', null, null, null, null),
  ('seed_t_44', 'e2e00000-0000-4000-8000-000000000001', 0, 1742417070117, 1781436653678, 'demo_cat_food_delivery', null, 2560, 'demo_w_debit_rub', null, null, null, null),
  ('seed_t_45', 'e2e00000-0000-4000-8000-000000000001', 0, 1715499251361, 1781436653678, 'demo_cat_entertainment_hobby', null, 1230, 'demo_w_usd', null, null, null, null),
  ('seed_t_46', 'e2e00000-0000-4000-8000-000000000001', 0, 1709669562546, 1781436653678, 'demo_cat_food_groceries', null, 4520, 'demo_w_credit_rub', null, null, null, null),
  ('seed_t_47', 'e2e00000-0000-4000-8000-000000000001', 0, 1776098495793, 1781436653678, 'demo_cat_food_cafe', null, 1710, 'demo_w_credit_rub', null, null, null, null),
  ('seed_t_48', 'e2e00000-0000-4000-8000-000000000001', 0, 1761835004054, 1781436653678, 'demo_cat_health_pharmacy', null, 1820, 'demo_w_crypto', null, null, null, null),
  ('seed_t_49', 'e2e00000-0000-4000-8000-000000000001', 0, 1714808907705, 1781436653678, 'demo_cat_transport_public', null, 150, 'demo_w_usd', null, null, null, null),
  ('seed_t_50', 'e2e00000-0000-4000-8000-000000000001', 0, 1706242489435, 1781436653678, 'demo_cat_entertainment_movies', null, 890, 'demo_w_debit_rub', null, null, null, null),
  ('seed_t_51', 'e2e00000-0000-4000-8000-000000000001', 0, 1750204395385, 1781436653678, 'demo_cat_transport_public', null, 200, 'demo_w_crypto', null, null, null, null),
  ('seed_t_52', 'e2e00000-0000-4000-8000-000000000001', 0, 1710239287049, 1781436653678, 'demo_cat_health_pharmacy', null, 750, 'demo_w_cash_rub', null, null, null, null),
  ('seed_t_53', 'e2e00000-0000-4000-8000-000000000001', 0, 1779415396930, 1781436653678, 'demo_cat_food_delivery', null, 1400, 'demo_w_credit_rub', null, null, null, null),
  ('seed_t_54', 'e2e00000-0000-4000-8000-000000000001', 0, 1724530162919, 1781436653678, 'demo_cat_home_internet', null, 860, 'demo_w_usd', null, null, null, null),
  ('seed_t_55', 'e2e00000-0000-4000-8000-000000000001', 0, 1719193360044, 1781436653678, 'demo_cat_transport_public', null, 430, 'demo_w_cash_rub', null, null, null, null),
  ('seed_t_56', 'e2e00000-0000-4000-8000-000000000001', 0, 1778533604403, 1781436653678, 'demo_cat_transport_parking', null, 450, 'demo_w_savings', null, null, null, null),
  ('seed_t_57', 'e2e00000-0000-4000-8000-000000000001', 0, 1735877994001, 1781436653678, 'demo_cat_food_groceries', null, 4100, 'demo_w_crypto', null, null, null, null),
  ('seed_t_58', 'e2e00000-0000-4000-8000-000000000001', 0, 1758191753993, 1781436653678, 'demo_cat_food_delivery', null, 1200, 'demo_w_debit_rub', null, null, null, null),
  ('seed_t_59', 'e2e00000-0000-4000-8000-000000000001', 0, 1767686026624, 1781436653678, 'demo_cat_transport_public', null, 230, 'demo_w_deposit_eur', null, null, null, null),
  ('seed_t_60', 'e2e00000-0000-4000-8000-000000000001', 0, 1706747404698, 1781436653678, 'demo_cat_transport_public', null, 400, 'demo_w_crypto', null, null, null, null),
  ('seed_t_61', 'e2e00000-0000-4000-8000-000000000001', 0, 1756209451017, 1781436653678, 'demo_cat_food_groceries', null, 3070, 'demo_w_crypto', null, null, null, null),
  ('seed_t_62', 'e2e00000-0000-4000-8000-000000000001', 0, 1757035055806, 1781436653678, 'demo_cat_clothing', null, 5490, 'demo_w_debit_rub', null, null, null, null),
  ('seed_t_63', 'e2e00000-0000-4000-8000-000000000001', 0, 1710134515155, 1781436653678, 'demo_cat_food_cafe', null, 2350, 'demo_w_credit_rub', null, null, null, null),
  ('seed_t_64', 'e2e00000-0000-4000-8000-000000000001', 0, 1742388769808, 1781436653678, 'demo_cat_clothing', null, 8180, 'demo_w_credit_rub', null, null, null, null),
  ('seed_t_65', 'e2e00000-0000-4000-8000-000000000001', 0, 1708621382599, 1781436653678, 'demo_cat_food_delivery', null, 1150, 'demo_w_debit_rub', null, null, null, null),
  ('seed_t_66', 'e2e00000-0000-4000-8000-000000000001', 0, 1752483900082, 1781436653678, 'demo_cat_transport_parking', null, 470, 'demo_w_usd', null, null, null, null),
  ('seed_t_67', 'e2e00000-0000-4000-8000-000000000001', 0, 1756550446245, 1781436653678, 'demo_cat_family', null, 8940, 'demo_w_cash_rub', null, null, null, null),
  ('seed_t_68', 'e2e00000-0000-4000-8000-000000000001', 0, 1742424416551, 1781436653678, 'demo_cat_transport_public', null, 100, 'demo_w_savings', null, null, null, null),
  ('seed_t_69', 'e2e00000-0000-4000-8000-000000000001', 0, 1741545070148, 1781436653678, 'demo_cat_transport_public', null, 330, 'demo_w_usd', null, null, null, null),
  ('seed_t_70', 'e2e00000-0000-4000-8000-000000000001', 0, 1736517555110, 1781436653678, 'demo_cat_pets', null, 4720, 'demo_w_crypto', null, null, null, null),
  ('seed_t_71', 'e2e00000-0000-4000-8000-000000000001', 0, 1735393460448, 1781436653678, 'demo_cat_food_delivery', null, 2040, 'demo_w_credit_rub', null, null, null, null),
  ('seed_t_72', 'e2e00000-0000-4000-8000-000000000001', 0, 1750391407134, 1781436653678, 'demo_cat_home_rent', null, 48320, 'demo_w_debit_rub', null, null, null, null),
  ('seed_t_73', 'e2e00000-0000-4000-8000-000000000001', 0, 1724004609763, 1781436653678, 'demo_cat_entertainment_hobby', null, 910, 'demo_w_cash_rub', null, null, null, null),
  ('seed_t_74', 'e2e00000-0000-4000-8000-000000000001', 0, 1743441022215, 1781436653678, 'demo_cat_food_groceries', null, 1570, 'demo_w_savings', null, null, null, null),
  ('seed_t_75', 'e2e00000-0000-4000-8000-000000000001', 0, 1773924590760, 1781436653678, 'demo_cat_transport_parking', null, 300, 'demo_w_credit_rub', null, null, null, null),
  ('seed_t_76', 'e2e00000-0000-4000-8000-000000000001', 0, 1749079378751, 1781436653678, 'demo_cat_transport_service', 'Oil change', 12050, 'demo_w_debit_rub', null, null, null, null),
  ('seed_t_77', 'e2e00000-0000-4000-8000-000000000001', 0, 1733647184323, 1781436653678, 'demo_cat_transport_service', 'Oil change', 3840, 'demo_w_savings', null, null, null, null),
  ('seed_t_78', 'e2e00000-0000-4000-8000-000000000001', 0, 1717655449853, 1781436653678, 'demo_cat_home_rent', null, 54800, 'demo_w_usd', null, null, null, null),
  ('seed_t_79', 'e2e00000-0000-4000-8000-000000000001', 0, 1775317167527, 1781436653678, 'demo_cat_food_groceries', null, 3380, 'demo_w_deposit_eur', null, null, null, null),
  ('seed_t_80', 'e2e00000-0000-4000-8000-000000000001', 0, 1750127537995, 1781436653678, 'demo_cat_food_groceries', null, 1250, 'demo_w_savings', null, null, null, null),
  ('seed_t_81', 'e2e00000-0000-4000-8000-000000000001', 0, 1765102498655, 1781436653678, 'demo_cat_food_groceries', null, 2040, 'demo_w_deposit_eur', null, null, null, null),
  ('seed_t_82', 'e2e00000-0000-4000-8000-000000000001', 0, 1762545484010, 1781436653678, 'demo_cat_food_groceries', null, 4290, 'demo_w_usd', null, null, null, null),
  ('seed_t_83', 'e2e00000-0000-4000-8000-000000000001', 0, 1745903053758, 1781436653678, 'demo_cat_transport_public', null, 370, 'demo_w_credit_rub', null, null, null, null),
  ('seed_t_84', 'e2e00000-0000-4000-8000-000000000001', 0, 1712892251953, 1781436653678, 'demo_cat_pets', null, 1230, 'demo_w_cash_rub', null, null, null, null),
  ('seed_t_85', 'e2e00000-0000-4000-8000-000000000001', 0, 1764865139641, 1781436653678, 'demo_cat_food_groceries', null, 1050, 'demo_w_credit_rub', null, null, null, null),
  ('seed_t_86', 'e2e00000-0000-4000-8000-000000000001', 0, 1750871100608, 1781436653678, 'demo_cat_food_delivery', null, 910, 'demo_w_credit_rub', null, null, null, null),
  ('seed_t_87', 'e2e00000-0000-4000-8000-000000000001', 0, 1766692981375, 1781436653678, 'demo_cat_food_groceries', null, 1530, 'demo_w_debit_rub', null, null, null, null),
  ('seed_t_88', 'e2e00000-0000-4000-8000-000000000001', 0, 1737489449481, 1781436653678, 'demo_cat_transport_fuel', null, 4910, 'demo_w_deposit_eur', null, null, null, null),
  ('seed_t_89', 'e2e00000-0000-4000-8000-000000000001', 0, 1729689862741, 1781436653678, 'demo_cat_education', null, 8320, 'demo_w_credit_rub', null, null, null, null),
  ('seed_t_90', 'e2e00000-0000-4000-8000-000000000001', 0, 1719318987291, 1781436653678, 'demo_cat_food_groceries', null, 2320, 'demo_w_crypto', null, null, null, null),
  ('seed_t_91', 'e2e00000-0000-4000-8000-000000000001', 0, 1763678066643, 1781436653678, 'demo_cat_food_delivery', null, 2530, 'demo_w_credit_rub', null, null, null, null),
  ('seed_t_92', 'e2e00000-0000-4000-8000-000000000001', 0, 1714834032638, 1781436653678, 'demo_cat_transport_public', null, 50, 'demo_w_cash_rub', null, null, null, null),
  ('seed_t_93', 'e2e00000-0000-4000-8000-000000000001', 0, 1730196285592, 1781436653678, 'demo_cat_transport_public', null, 270, 'demo_w_crypto', null, null, null, null),
  ('seed_t_94', 'e2e00000-0000-4000-8000-000000000001', 0, 1775014930528, 1781436653678, 'demo_cat_food_cafe', null, 2250, 'demo_w_credit_rub', null, null, null, null),
  ('seed_t_95', 'e2e00000-0000-4000-8000-000000000001', 0, 1748887368277, 1781436653678, 'demo_cat_food_delivery', null, 1890, 'demo_w_credit_rub', null, null, null, null),
  ('seed_t_96', 'e2e00000-0000-4000-8000-000000000001', 0, 1719341656304, 1781436653678, 'demo_cat_food_groceries', null, 2700, 'demo_w_cash_rub', null, null, null, null),
  ('seed_t_97', 'e2e00000-0000-4000-8000-000000000001', 0, 1722768862589, 1781436653678, 'demo_cat_transport_public', null, 160, 'demo_w_savings', null, null, null, null),
  ('seed_t_98', 'e2e00000-0000-4000-8000-000000000001', 0, 1723129139800, 1781436653678, 'demo_cat_food_cafe', null, 3230, 'demo_w_debit_rub', null, null, null, null),
  ('seed_t_99', 'e2e00000-0000-4000-8000-000000000001', 0, 1709913557569, 1781436653678, 'demo_cat_pets', null, 380, 'demo_w_crypto', null, null, null, null),
  ('seed_t_100', 'e2e00000-0000-4000-8000-000000000001', 0, 1743139001890, 1781436653678, 'demo_cat_transport_public', null, 430, 'demo_w_credit_rub', null, null, null, null),
  ('seed_t_101', 'e2e00000-0000-4000-8000-000000000001', 0, 1767421546047, 1781436653678, 'demo_cat_food_delivery', null, 2190, 'demo_w_debit_rub', null, null, null, null),
  ('seed_t_102', 'e2e00000-0000-4000-8000-000000000001', 0, 1751757008602, 1781436653678, 'demo_cat_transport_public', null, 470, 'demo_w_crypto', null, null, null, null),
  ('seed_t_103', 'e2e00000-0000-4000-8000-000000000001', 0, 1752396084653, 1781436653678, 'demo_cat_sport', 'Gym', 4220, 'demo_w_cash_rub', null, null, null, null),
  ('seed_t_104', 'e2e00000-0000-4000-8000-000000000001', 0, 1730927994367, 1781436653678, 'demo_cat_transport_public', null, 500, 'demo_w_crypto', null, null, null, null),
  ('seed_t_105', 'e2e00000-0000-4000-8000-000000000001', 0, 1762629208157, 1781436653678, 'demo_cat_transport_parking', null, 370, 'demo_w_savings', null, null, null, null),
  ('seed_t_106', 'e2e00000-0000-4000-8000-000000000001', 0, 1739634479219, 1781436653678, 'demo_cat_food_cafe', null, 790, 'demo_w_debit_rub', null, null, null, null),
  ('seed_t_107', 'e2e00000-0000-4000-8000-000000000001', 0, 1716091573791, 1781436653678, 'demo_cat_food_cafe', null, 3690, 'demo_w_credit_rub', null, null, null, null),
  ('seed_t_108', 'e2e00000-0000-4000-8000-000000000001', 0, 1763116879553, 1781436653678, 'demo_cat_transport_public', null, 370, 'demo_w_debit_rub', null, null, null, null),
  ('seed_t_109', 'e2e00000-0000-4000-8000-000000000001', 0, 1774450836522, 1781436653678, 'demo_cat_transport_fuel', null, 1830, 'demo_w_debit_rub', null, null, null, null),
  ('seed_t_110', 'e2e00000-0000-4000-8000-000000000001', 0, 1767904855815, 1781436653678, 'demo_cat_food_groceries', null, 4700, 'demo_w_deposit_eur', null, null, null, null),
  ('seed_t_111', 'e2e00000-0000-4000-8000-000000000001', 0, 1757240020507, 1781436653678, 'demo_cat_food_delivery', null, 670, 'demo_w_credit_rub', null, null, null, null),
  ('seed_t_112', 'e2e00000-0000-4000-8000-000000000001', 0, 1731591488868, 1781436653678, 'demo_cat_food_groceries', null, 1590, 'demo_w_deposit_eur', null, null, null, null),
  ('seed_t_113', 'e2e00000-0000-4000-8000-000000000001', 0, 1747229208088, 1781436653678, 'demo_cat_transport_public', null, 250, 'demo_w_usd', null, null, null, null),
  ('seed_t_114', 'e2e00000-0000-4000-8000-000000000001', 0, 1735390387036, 1781436653678, 'demo_cat_food_delivery', null, 2040, 'demo_w_debit_rub', null, null, null, null),
  ('seed_t_115', 'e2e00000-0000-4000-8000-000000000001', 0, 1717132726874, 1781436653678, 'demo_cat_food_groceries', null, 4870, 'demo_w_usd', null, null, null, null),
  ('seed_t_116', 'e2e00000-0000-4000-8000-000000000001', 0, 1778841019913, 1781436653678, 'demo_cat_food_groceries', null, 4380, 'demo_w_crypto', null, null, null, null),
  ('seed_t_117', 'e2e00000-0000-4000-8000-000000000001', 0, 1718916809348, 1781436653678, 'demo_cat_food_delivery', null, 1300, 'demo_w_credit_rub', null, null, null, null),
  ('seed_t_118', 'e2e00000-0000-4000-8000-000000000001', 0, 1778177449703, 1781436653678, 'demo_cat_family', null, 3520, 'demo_w_debit_rub', null, null, null, null),
  ('seed_t_119', 'e2e00000-0000-4000-8000-000000000001', 0, 1729875946050, 1781436653678, 'demo_cat_food_cafe', null, 3010, 'demo_w_credit_rub', null, null, null, null),
  ('seed_t_120', 'e2e00000-0000-4000-8000-000000000001', 0, 1707879727966, 1781436653678, 'demo_cat_transport_fuel', null, 1640, 'demo_w_savings', null, null, null, null),
  ('seed_t_121', 'e2e00000-0000-4000-8000-000000000001', 0, 1735311832467, 1781436653678, 'demo_cat_entertainment_movies', null, 410, 'demo_w_credit_rub', null, null, null, null),
  ('seed_t_122', 'e2e00000-0000-4000-8000-000000000001', 0, 1766920366079, 1781436653678, 'demo_cat_transport_parking', null, 210, 'demo_w_cash_rub', null, null, null, null),
  ('seed_t_123', 'e2e00000-0000-4000-8000-000000000001', 0, 1725709529835, 1781436653678, 'demo_cat_education', null, 2410, 'demo_w_usd', null, null, null, null),
  ('seed_t_124', 'e2e00000-0000-4000-8000-000000000001', 0, 1744457192911, 1781436653678, 'demo_cat_entertainment_movies', null, 1030, 'demo_w_credit_rub', null, null, null, null),
  ('seed_t_125', 'e2e00000-0000-4000-8000-000000000001', 0, 1773751775189, 1781436653678, 'demo_cat_home_electricity', null, 2560, 'demo_w_usd', null, null, null, null),
  ('seed_t_126', 'e2e00000-0000-4000-8000-000000000001', 0, 1765348025047, 1781436653678, 'demo_cat_transport_fuel', null, 4170, 'demo_w_savings', null, null, null, null),
  ('seed_t_127', 'e2e00000-0000-4000-8000-000000000001', 0, 1725318134447, 1781436653678, 'demo_cat_transport_public', null, 50, 'demo_w_credit_rub', null, null, null, null),
  ('seed_t_128', 'e2e00000-0000-4000-8000-000000000001', 0, 1706040284956, 1781436653678, 'demo_cat_transport_service', 'Oil change', 8600, 'demo_w_debit_rub', null, null, null, null),
  ('seed_t_129', 'e2e00000-0000-4000-8000-000000000001', 0, 1737749492405, 1781436653678, 'demo_cat_food_cafe', null, 1210, 'demo_w_debit_rub', null, null, null, null),
  ('seed_t_130', 'e2e00000-0000-4000-8000-000000000001', 0, 1763313344844, 1781436653678, 'demo_cat_food_delivery', null, 1500, 'demo_w_debit_rub', null, null, null, null),
  ('seed_t_131', 'e2e00000-0000-4000-8000-000000000001', 0, 1773788747427, 1781436653678, 'demo_cat_home_water', null, 870, 'demo_w_deposit_eur', null, null, null, null),
  ('seed_t_132', 'e2e00000-0000-4000-8000-000000000001', 0, 1773514403682, 1781436653678, 'demo_cat_home_electricity', null, 2170, 'demo_w_debit_rub', null, null, null, null),
  ('seed_t_133', 'e2e00000-0000-4000-8000-000000000001', 0, 1715770729443, 1781436653678, 'demo_cat_food_groceries', null, 2330, 'demo_w_credit_rub', null, null, null, null),
  ('seed_t_134', 'e2e00000-0000-4000-8000-000000000001', 0, 1759795972486, 1781436653678, 'demo_cat_transport_parking', null, 360, 'demo_w_crypto', null, null, null, null),
  ('seed_t_135', 'e2e00000-0000-4000-8000-000000000001', 0, 1772087917749, 1781436653678, 'demo_cat_sport', 'Gym', 2090, 'demo_w_debit_rub', null, null, null, null),
  ('seed_t_136', 'e2e00000-0000-4000-8000-000000000001', 0, 1772984960819, 1781436653678, 'demo_cat_transport_parking', null, 410, 'demo_w_credit_rub', null, null, null, null),
  ('seed_t_137', 'e2e00000-0000-4000-8000-000000000001', 0, 1775719278704, 1781436653678, 'demo_cat_transport_fuel', null, 1630, 'demo_w_credit_rub', null, null, null, null),
  ('seed_t_138', 'e2e00000-0000-4000-8000-000000000001', 0, 1768680957276, 1781436653678, 'demo_cat_home_rent', null, 54720, 'demo_w_usd', null, null, null, null),
  ('seed_t_139', 'e2e00000-0000-4000-8000-000000000001', 0, 1706084666882, 1781436653678, 'demo_cat_education', null, 3180, 'demo_w_crypto', null, null, null, null),
  ('seed_t_140', 'e2e00000-0000-4000-8000-000000000001', 0, 1725500456524, 1781436653678, 'demo_cat_food_cafe', null, 3930, 'demo_w_debit_rub', null, null, null, null),
  ('seed_t_141', 'e2e00000-0000-4000-8000-000000000001', 0, 1754606750926, 1781436653678, 'demo_cat_food_delivery', null, 2540, 'demo_w_debit_rub', null, null, null, null),
  ('seed_t_142', 'e2e00000-0000-4000-8000-000000000001', 0, 1754038393983, 1781436653678, 'demo_cat_transport_public', null, 370, 'demo_w_usd', null, null, null, null),
  ('seed_t_143', 'e2e00000-0000-4000-8000-000000000001', 0, 1772699493951, 1781436653678, 'demo_cat_gifts', null, 6330, 'demo_w_deposit_eur', null, null, null, null),
  ('seed_t_144', 'e2e00000-0000-4000-8000-000000000001', 0, 1741981843284, 1781436653678, 'demo_cat_transport_parking', null, 220, 'demo_w_debit_rub', null, null, null, null),
  ('seed_t_145', 'e2e00000-0000-4000-8000-000000000001', 0, 1738550601786, 1781436653678, 'demo_cat_transport_fuel', null, 2570, 'demo_w_deposit_eur', null, null, null, null),
  ('seed_t_146', 'e2e00000-0000-4000-8000-000000000001', 0, 1763025432416, 1781436653678, 'demo_cat_entertainment_movies', null, 1440, 'demo_w_credit_rub', null, null, null, null),
  ('seed_t_147', 'e2e00000-0000-4000-8000-000000000001', 0, 1731088702373, 1781436653678, 'demo_cat_food_groceries', null, 1340, 'demo_w_usd', null, null, null, null),
  ('seed_t_148', 'e2e00000-0000-4000-8000-000000000001', 0, 1742066679750, 1781436653678, 'demo_cat_health_doctor', 'Checkup', 6890, 'demo_w_deposit_eur', null, null, null, null),
  ('seed_t_149', 'e2e00000-0000-4000-8000-000000000001', 0, 1780727559573, 1781436653678, 'demo_cat_transport_fuel', null, 4910, 'demo_w_usd', null, null, null, null),
  ('seed_t_150', 'e2e00000-0000-4000-8000-000000000001', 0, 1721164095941, 1781436653678, 'demo_cat_pets', null, 380, 'demo_w_savings', null, null, null, null),
  ('seed_t_151', 'e2e00000-0000-4000-8000-000000000001', 0, 1740974063225, 1781436653678, 'demo_cat_clothing', null, 10470, 'demo_w_debit_rub', null, null, null, null),
  ('seed_t_152', 'e2e00000-0000-4000-8000-000000000001', 0, 1770796027160, 1781436653678, 'demo_cat_transport_public', null, 350, 'demo_w_deposit_eur', null, null, null, null),
  ('seed_t_153', 'e2e00000-0000-4000-8000-000000000001', 0, 1741301658773, 1781436653678, 'demo_cat_food_delivery', null, 710, 'demo_w_credit_rub', null, null, null, null),
  ('seed_t_154', 'e2e00000-0000-4000-8000-000000000001', 0, 1738842902380, 1781436653678, 'demo_cat_pets', null, 3610, 'demo_w_deposit_eur', null, null, null, null),
  ('seed_t_155', 'e2e00000-0000-4000-8000-000000000001', 0, 1723806311742, 1781436653678, 'demo_cat_transport_parking', null, 350, 'demo_w_credit_rub', null, null, null, null),
  ('seed_t_156', 'e2e00000-0000-4000-8000-000000000001', 0, 1765132410980, 1781436653678, 'demo_cat_food_groceries', null, 840, 'demo_w_debit_rub', null, null, null, null),
  ('seed_t_157', 'e2e00000-0000-4000-8000-000000000001', 0, 1721546718587, 1781436653678, 'demo_cat_sport', 'Gym', 3760, 'demo_w_savings', null, null, null, null),
  ('seed_t_158', 'e2e00000-0000-4000-8000-000000000001', 0, 1705367229706, 1781436653678, 'demo_cat_food_groceries', null, 1530, 'demo_w_credit_rub', null, null, null, null),
  ('seed_t_159', 'e2e00000-0000-4000-8000-000000000001', 0, 1765071446575, 1781436653678, 'demo_cat_food_cafe', null, 1820, 'demo_w_credit_rub', null, null, null, null),
  ('seed_t_160', 'e2e00000-0000-4000-8000-000000000001', 0, 1729123689082, 1781436653678, 'demo_cat_food_groceries', null, 3000, 'demo_w_crypto', null, null, null, null),
  ('seed_t_161', 'e2e00000-0000-4000-8000-000000000001', 0, 1747008816188, 1781436653678, 'demo_cat_entertainment_subs', null, 710, 'demo_w_credit_rub', null, null, null, null),
  ('seed_t_162', 'e2e00000-0000-4000-8000-000000000001', 0, 1723494548839, 1781436653678, 'demo_cat_transport_public', null, 330, 'demo_w_credit_rub', null, null, null, null),
  ('seed_t_163', 'e2e00000-0000-4000-8000-000000000001', 0, 1777391627924, 1781436653679, 'demo_cat_transport_public', null, 310, 'demo_w_debit_rub', null, null, null, null),
  ('seed_t_164', 'e2e00000-0000-4000-8000-000000000001', 0, 1723509040387, 1781436653679, 'demo_cat_food_cafe', null, 1650, 'demo_w_debit_rub', null, null, null, null),
  ('seed_t_165', 'e2e00000-0000-4000-8000-000000000001', 0, 1719439687527, 1781436653679, 'demo_cat_food_groceries', null, 2060, 'demo_w_deposit_eur', null, null, null, null),
  ('seed_t_166', 'e2e00000-0000-4000-8000-000000000001', 0, 1748972002171, 1781436653679, 'demo_cat_food_cafe', null, 620, 'demo_w_credit_rub', null, null, null, null),
  ('seed_t_167', 'e2e00000-0000-4000-8000-000000000001', 0, 1721163732714, 1781436653679, 'demo_cat_food_cafe', null, 1410, 'demo_w_credit_rub', null, null, null, null),
  ('seed_t_168', 'e2e00000-0000-4000-8000-000000000001', 0, 1724982790268, 1781436653679, 'demo_cat_food_groceries', null, 1710, 'demo_w_credit_rub', null, null, null, null),
  ('seed_t_169', 'e2e00000-0000-4000-8000-000000000001', 0, 1704140288981, 1781436653679, 'demo_cat_transport_fuel', null, 3290, 'demo_w_savings', null, null, null, null),
  ('seed_t_170', 'e2e00000-0000-4000-8000-000000000001', 0, 1759545301929, 1781436653679, 'demo_cat_entertainment_subs', null, 530, 'demo_w_credit_rub', null, null, null, null),
  ('seed_t_171', 'e2e00000-0000-4000-8000-000000000001', 0, 1709560603422, 1781436653679, 'demo_cat_food_groceries', null, 4210, 'demo_w_savings', null, null, null, null),
  ('seed_t_172', 'e2e00000-0000-4000-8000-000000000001', 0, 1714086667879, 1781436653679, 'demo_cat_entertainment_subs', null, 970, 'demo_w_credit_rub', null, null, null, null),
  ('seed_t_173', 'e2e00000-0000-4000-8000-000000000001', 0, 1758636821194, 1781436653679, 'demo_cat_home_rent', null, 51780, 'demo_w_usd', null, null, null, null),
  ('seed_t_174', 'e2e00000-0000-4000-8000-000000000001', 0, 1734087849299, 1781436653679, 'demo_cat_transport_fuel', null, 3360, 'demo_w_debit_rub', null, null, null, null),
  ('seed_t_175', 'e2e00000-0000-4000-8000-000000000001', 0, 1749954028546, 1781436653679, 'demo_cat_health_pharmacy', null, 1030, 'demo_w_credit_rub', null, null, null, null),
  ('seed_t_176', 'e2e00000-0000-4000-8000-000000000001', 0, 1722634801977, 1781436653679, 'demo_cat_transport_public', null, 260, 'demo_w_crypto', null, null, null, null),
  ('seed_t_177', 'e2e00000-0000-4000-8000-000000000001', 0, 1738134294599, 1781436653679, 'demo_cat_food_groceries', null, 1850, 'demo_w_credit_rub', null, null, null, null),
  ('seed_t_178', 'e2e00000-0000-4000-8000-000000000001', 0, 1732142769487, 1781436653679, 'demo_cat_entertainment_movies', null, 500, 'demo_w_credit_rub', null, null, null, null),
  ('seed_t_179', 'e2e00000-0000-4000-8000-000000000001', 0, 1767380334793, 1781436653679, 'demo_cat_transport_fuel', null, 2270, 'demo_w_usd', null, null, null, null),
  ('seed_t_180', 'e2e00000-0000-4000-8000-000000000001', 0, 1766609690281, 1781436653679, 'demo_cat_transport_public', null, 130, 'demo_w_usd', null, null, null, null),
  ('seed_t_181', 'e2e00000-0000-4000-8000-000000000001', 0, 1706412234661, 1781436653679, 'demo_cat_food_groceries', null, 4380, 'demo_w_cash_rub', null, null, null, null),
  ('seed_t_182', 'e2e00000-0000-4000-8000-000000000001', 0, 1747484506202, 1781436653679, 'demo_cat_home_rent', null, 51640, 'demo_w_debit_rub', null, null, null, null),
  ('seed_t_183', 'e2e00000-0000-4000-8000-000000000001', 0, 1713851220012, 1781436653679, 'demo_cat_food_groceries', null, 3510, 'demo_w_debit_rub', null, null, null, null),
  ('seed_t_184', 'e2e00000-0000-4000-8000-000000000001', 0, 1722648781877, 1781436653679, 'demo_cat_food_groceries', null, 2660, 'demo_w_crypto', null, null, null, null),
  ('seed_t_185', 'e2e00000-0000-4000-8000-000000000001', 0, 1772889134955, 1781436653679, 'demo_cat_transport_public', null, 480, 'demo_w_usd', null, null, null, null),
  ('seed_t_186', 'e2e00000-0000-4000-8000-000000000001', 0, 1744973822667, 1781436653679, 'demo_cat_food_cafe', null, 690, 'demo_w_credit_rub', null, null, null, null),
  ('seed_t_187', 'e2e00000-0000-4000-8000-000000000001', 0, 1710857630788, 1781436653679, 'demo_cat_clothing', null, 12720, 'demo_w_debit_rub', null, null, null, null),
  ('seed_t_188', 'e2e00000-0000-4000-8000-000000000001', 0, 1736141063225, 1781436653679, 'demo_cat_food_groceries', null, 4330, 'demo_w_cash_rub', null, null, null, null),
  ('seed_t_189', 'e2e00000-0000-4000-8000-000000000001', 0, 1717002370788, 1781436653679, 'demo_cat_food_cafe', null, 2020, 'demo_w_credit_rub', null, null, null, null),
  ('seed_t_190', 'e2e00000-0000-4000-8000-000000000001', 0, 1734298409136, 1781436653679, 'demo_cat_food_delivery', null, 800, 'demo_w_debit_rub', null, null, null, null),
  ('seed_t_191', 'e2e00000-0000-4000-8000-000000000001', 0, 1781409602878, 1781436653679, 'demo_cat_home_rent', null, 49640, 'demo_w_savings', null, null, null, null),
  ('seed_t_192', 'e2e00000-0000-4000-8000-000000000001', 0, 1736831741313, 1781436653679, 'demo_cat_transport_public', null, 470, 'demo_w_debit_rub', null, null, null, null),
  ('seed_t_193', 'e2e00000-0000-4000-8000-000000000001', 0, 1742094384522, 1781436653679, 'demo_cat_clothing', null, 1660, 'demo_w_credit_rub', null, null, null, null),
  ('seed_t_194', 'e2e00000-0000-4000-8000-000000000001', 0, 1760567809929, 1781436653679, 'demo_cat_transport_service', 'Oil change', 12900, 'demo_w_deposit_eur', null, null, null, null),
  ('seed_t_195', 'e2e00000-0000-4000-8000-000000000001', 0, 1777662478224, 1781436653679, 'demo_cat_health_pharmacy', null, 2210, 'demo_w_crypto', null, null, null, null),
  ('seed_t_196', 'e2e00000-0000-4000-8000-000000000001', 0, 1710744335208, 1781436653679, 'demo_cat_entertainment_movies', null, 1070, 'demo_w_debit_rub', null, null, null, null),
  ('seed_t_197', 'e2e00000-0000-4000-8000-000000000001', 0, 1756930814894, 1781436653679, 'demo_cat_food_cafe', null, 3770, 'demo_w_debit_rub', null, null, null, null),
  ('seed_t_198', 'e2e00000-0000-4000-8000-000000000001', 0, 1708712533314, 1781436653679, 'demo_cat_food_groceries', null, 1210, 'demo_w_deposit_eur', null, null, null, null),
  ('seed_t_199', 'e2e00000-0000-4000-8000-000000000001', 0, 1773265145292, 1781436653679, 'demo_cat_food_cafe', null, 970, 'demo_w_debit_rub', null, null, null, null),
  ('seed_t_200', 'e2e00000-0000-4000-8000-000000000001', 0, 1739220513648, 1781436653679, 'demo_cat_food_groceries', null, 4630, 'demo_w_usd', null, null, null, null),
  ('seed_t_201', 'e2e00000-0000-4000-8000-000000000001', 0, 1743432458785, 1781436653679, 'demo_cat_home_internet', null, 980, 'demo_w_credit_rub', null, null, null, null),
  ('seed_t_202', 'e2e00000-0000-4000-8000-000000000001', 0, 1775543848917, 1781436653679, 'demo_cat_transport_parking', null, 140, 'demo_w_deposit_eur', null, null, null, null),
  ('seed_t_203', 'e2e00000-0000-4000-8000-000000000001', 0, 1721876328988, 1781436653679, 'demo_cat_food_groceries', null, 4890, 'demo_w_crypto', null, null, null, null),
  ('seed_t_204', 'e2e00000-0000-4000-8000-000000000001', 0, 1741254978693, 1781436653679, 'demo_cat_food_groceries', null, 4530, 'demo_w_savings', null, null, null, null),
  ('seed_t_205', 'e2e00000-0000-4000-8000-000000000001', 0, 1734994739157, 1781436653679, 'demo_cat_food_groceries', null, 1810, 'demo_w_debit_rub', null, null, null, null),
  ('seed_t_206', 'e2e00000-0000-4000-8000-000000000001', 0, 1749605339450, 1781436653679, 'demo_cat_food_cafe', null, 1740, 'demo_w_credit_rub', null, null, null, null),
  ('seed_t_207', 'e2e00000-0000-4000-8000-000000000001', 0, 1708252580951, 1781436653679, 'demo_cat_transport_fuel', null, 1800, 'demo_w_savings', null, null, null, null),
  ('seed_t_208', 'e2e00000-0000-4000-8000-000000000001', 0, 1706714860400, 1781436653679, 'demo_cat_transport_public', null, 400, 'demo_w_deposit_eur', null, null, null, null),
  ('seed_t_209', 'e2e00000-0000-4000-8000-000000000001', 0, 1769388117850, 1781436653679, 'demo_cat_transport_fuel', null, 4110, 'demo_w_usd', null, null, null, null),
  ('seed_t_210', 'e2e00000-0000-4000-8000-000000000001', 0, 1706833110375, 1781436653679, 'demo_cat_food_groceries', null, 3930, 'demo_w_savings', null, null, null, null),
  ('seed_t_211', 'e2e00000-0000-4000-8000-000000000001', 0, 1709570550861, 1781436653679, 'demo_cat_food_groceries', null, 3900, 'demo_w_usd', null, null, null, null),
  ('seed_t_212', 'e2e00000-0000-4000-8000-000000000001', 0, 1716786702518, 1781436653679, 'demo_cat_health_pharmacy', null, 2790, 'demo_w_crypto', null, null, null, null),
  ('seed_t_213', 'e2e00000-0000-4000-8000-000000000001', 0, 1774457539397, 1781436653679, 'demo_cat_sport', 'Gym', 2270, 'demo_w_savings', null, null, null, null),
  ('seed_t_214', 'e2e00000-0000-4000-8000-000000000001', 0, 1718394723103, 1781436653679, 'demo_cat_sport', 'Gym', 3250, 'demo_w_crypto', null, null, null, null),
  ('seed_t_215', 'e2e00000-0000-4000-8000-000000000001', 0, 1780050277907, 1781436653679, 'demo_cat_food_delivery', null, 1420, 'demo_w_debit_rub', null, null, null, null),
  ('seed_t_216', 'e2e00000-0000-4000-8000-000000000001', 0, 1771999130496, 1781436653679, 'demo_cat_transport_fuel', null, 3130, 'demo_w_crypto', null, null, null, null),
  ('seed_t_217', 'e2e00000-0000-4000-8000-000000000001', 0, 1744883472798, 1781436653679, 'demo_cat_transport_public', null, 70, 'demo_w_crypto', null, null, null, null),
  ('seed_t_218', 'e2e00000-0000-4000-8000-000000000001', 0, 1743960262866, 1781436653679, 'demo_cat_food_groceries', null, 1740, 'demo_w_deposit_eur', null, null, null, null),
  ('seed_t_219', 'e2e00000-0000-4000-8000-000000000001', 0, 1719381542087, 1781436653679, 'demo_cat_transport_public', null, 480, 'demo_w_credit_rub', null, null, null, null),
  ('seed_t_220', 'e2e00000-0000-4000-8000-000000000001', 0, 1748237372020, 1781436653679, 'demo_cat_transport_public', null, 390, 'demo_w_savings', null, null, null, null),
  ('seed_t_221', 'e2e00000-0000-4000-8000-000000000001', 0, 1753721579050, 1781436653679, 'demo_cat_food_cafe', null, 3140, 'demo_w_debit_rub', null, null, null, null),
  ('seed_t_222', 'e2e00000-0000-4000-8000-000000000001', 0, 1774117353856, 1781436653679, 'demo_cat_entertainment_hobby', null, 4300, 'demo_w_usd', null, null, null, null),
  ('seed_t_223', 'e2e00000-0000-4000-8000-000000000001', 0, 1766249956721, 1781436653679, 'demo_cat_entertainment_subs', null, 940, 'demo_w_credit_rub', null, null, null, null),
  ('seed_t_224', 'e2e00000-0000-4000-8000-000000000001', 0, 1773648501873, 1781436653679, 'demo_cat_food_groceries', null, 3940, 'demo_w_credit_rub', null, null, null, null),
  ('seed_t_225', 'e2e00000-0000-4000-8000-000000000001', 0, 1772112363341, 1781436653679, 'demo_cat_food_cafe', null, 1240, 'demo_w_debit_rub', null, null, null, null),
  ('seed_t_226', 'e2e00000-0000-4000-8000-000000000001', 0, 1709743590825, 1781436653679, 'demo_cat_pets', null, 500, 'demo_w_crypto', null, null, null, null),
  ('seed_t_227', 'e2e00000-0000-4000-8000-000000000001', 0, 1730825768011, 1781436653679, 'demo_cat_health_doctor', 'Checkup', 7040, 'demo_w_cash_rub', null, null, null, null),
  ('seed_t_228', 'e2e00000-0000-4000-8000-000000000001', 0, 1758009803170, 1781436653679, 'demo_cat_food_groceries', null, 2530, 'demo_w_crypto', null, null, null, null),
  ('seed_t_229', 'e2e00000-0000-4000-8000-000000000001', 0, 1743745420123, 1781436653679, 'demo_cat_transport_parking', null, 120, 'demo_w_crypto', null, null, null, null),
  ('seed_t_230', 'e2e00000-0000-4000-8000-000000000001', 0, 1733027863001, 1781436653679, 'demo_cat_food_groceries', null, 1300, 'demo_w_savings', null, null, null, null),
  ('seed_t_231', 'e2e00000-0000-4000-8000-000000000001', 0, 1711859689643, 1781436653679, 'demo_cat_entertainment_movies', null, 1790, 'demo_w_credit_rub', null, null, null, null),
  ('seed_t_232', 'e2e00000-0000-4000-8000-000000000001', 0, 1758573037742, 1781436653679, 'demo_cat_food_delivery', null, 2280, 'demo_w_debit_rub', null, null, null, null),
  ('seed_t_233', 'e2e00000-0000-4000-8000-000000000001', 0, 1722782187214, 1781436653679, 'demo_cat_food_groceries', null, 2250, 'demo_w_cash_rub', null, null, null, null),
  ('seed_t_234', 'e2e00000-0000-4000-8000-000000000001', 0, 1708747558394, 1781436653679, 'demo_cat_education', null, 3160, 'demo_w_deposit_eur', null, null, null, null),
  ('seed_t_235', 'e2e00000-0000-4000-8000-000000000001', 0, 1740647429185, 1781436653679, 'demo_cat_food_delivery', null, 2080, 'demo_w_credit_rub', null, null, null, null),
  ('seed_t_236', 'e2e00000-0000-4000-8000-000000000001', 0, 1705949785862, 1781436653679, 'demo_cat_food_delivery', null, 1380, 'demo_w_debit_rub', null, null, null, null),
  ('seed_t_237', 'e2e00000-0000-4000-8000-000000000001', 0, 1762269833459, 1781436653679, 'demo_cat_food_groceries', null, 4580, 'demo_w_usd', null, null, null, null),
  ('seed_t_238', 'e2e00000-0000-4000-8000-000000000001', 0, 1709152595008, 1781436653679, 'demo_cat_food_cafe', null, 710, 'demo_w_debit_rub', null, null, null, null),
  ('seed_t_239', 'e2e00000-0000-4000-8000-000000000001', 0, 1746313648418, 1781436653679, 'demo_cat_food_delivery', null, 2120, 'demo_w_credit_rub', null, null, null, null),
  ('seed_t_240', 'e2e00000-0000-4000-8000-000000000001', 0, 1765507403289, 1781436653679, 'demo_cat_transport_fuel', null, 3640, 'demo_w_savings', null, null, null, null),
  ('seed_t_241', 'e2e00000-0000-4000-8000-000000000001', 0, 1757734428119, 1781436653679, 'demo_cat_food_groceries', null, 4350, 'demo_w_debit_rub', null, null, null, null),
  ('seed_t_242', 'e2e00000-0000-4000-8000-000000000001', 0, 1770224539505, 1781436653679, 'demo_cat_food_delivery', null, 1480, 'demo_w_credit_rub', null, null, null, null),
  ('seed_t_243', 'e2e00000-0000-4000-8000-000000000001', 0, 1764437191958, 1781436653679, 'demo_cat_food_delivery', null, 1760, 'demo_w_credit_rub', null, null, null, null),
  ('seed_t_244', 'e2e00000-0000-4000-8000-000000000001', 0, 1772590558312, 1781436653679, 'demo_cat_home_rent', null, 46600, 'demo_w_deposit_eur', null, null, null, null),
  ('seed_t_245', 'e2e00000-0000-4000-8000-000000000001', 0, 1774236870800, 1781436653679, 'demo_cat_health_doctor', 'Checkup', 3730, 'demo_w_usd', null, null, null, null),
  ('seed_t_246', 'e2e00000-0000-4000-8000-000000000001', 0, 1747670536675, 1781436653679, 'demo_cat_family', null, 9630, 'demo_w_crypto', null, null, null, null),
  ('seed_t_247', 'e2e00000-0000-4000-8000-000000000001', 0, 1710213266722, 1781436653679, 'demo_cat_home_electricity', null, 1820, 'demo_w_deposit_eur', null, null, null, null),
  ('seed_t_248', 'e2e00000-0000-4000-8000-000000000001', 0, 1729286531605, 1781436653679, 'demo_cat_food_groceries', null, 3100, 'demo_w_deposit_eur', null, null, null, null),
  ('seed_t_249', 'e2e00000-0000-4000-8000-000000000001', 0, 1747669776598, 1781436653679, 'demo_cat_food_cafe', null, 3450, 'demo_w_credit_rub', null, null, null, null),
  ('seed_t_250', 'e2e00000-0000-4000-8000-000000000001', 0, 1721694626307, 1781436653679, 'demo_cat_health_pharmacy', null, 2890, 'demo_w_savings', null, null, null, null),
  ('seed_t_251', 'e2e00000-0000-4000-8000-000000000001', 0, 1713119465703, 1781436653679, 'demo_cat_health_pharmacy', null, 200, 'demo_w_debit_rub', null, null, null, null),
  ('seed_t_252', 'e2e00000-0000-4000-8000-000000000001', 0, 1755770014348, 1781436653679, 'demo_cat_health_pharmacy', null, 780, 'demo_w_usd', null, null, null, null),
  ('seed_t_253', 'e2e00000-0000-4000-8000-000000000001', 0, 1724949258704, 1781436653679, 'demo_cat_food_delivery', null, 2840, 'demo_w_debit_rub', null, null, null, null),
  ('seed_t_254', 'e2e00000-0000-4000-8000-000000000001', 0, 1706769825173, 1781436653679, 'demo_cat_transport_parking', null, 410, 'demo_w_debit_rub', null, null, null, null),
  ('seed_t_255', 'e2e00000-0000-4000-8000-000000000001', 0, 1714159703199, 1781436653679, 'demo_cat_food_groceries', null, 1940, 'demo_w_savings', null, null, null, null),
  ('seed_t_256', 'e2e00000-0000-4000-8000-000000000001', 0, 1729742694759, 1781436653679, 'demo_cat_clothing', null, 14370, 'demo_w_credit_rub', null, null, null, null),
  ('seed_t_257', 'e2e00000-0000-4000-8000-000000000001', 0, 1706607044005, 1781436653679, 'demo_cat_transport_public', null, 190, 'demo_w_deposit_eur', null, null, null, null),
  ('seed_t_258', 'e2e00000-0000-4000-8000-000000000001', 0, 1760442878114, 1781436653679, 'demo_cat_transport_fuel', null, 4650, 'demo_w_savings', null, null, null, null),
  ('seed_t_259', 'e2e00000-0000-4000-8000-000000000001', 0, 1716587034049, 1781436653679, 'demo_cat_food_groceries', null, 3340, 'demo_w_usd', null, null, null, null),
  ('seed_t_260', 'e2e00000-0000-4000-8000-000000000001', 0, 1729606302765, 1781436653679, 'demo_cat_food_delivery', null, 970, 'demo_w_debit_rub', null, null, null, null),
  ('seed_t_261', 'e2e00000-0000-4000-8000-000000000001', 0, 1748602580073, 1781436653679, 'demo_cat_transport_fuel', null, 2840, 'demo_w_deposit_eur', null, null, null, null),
  ('seed_t_262', 'e2e00000-0000-4000-8000-000000000001', 0, 1727072929609, 1781436653679, 'demo_cat_food_cafe', null, 2280, 'demo_w_debit_rub', null, null, null, null),
  ('seed_t_263', 'e2e00000-0000-4000-8000-000000000001', 0, 1754057628181, 1781436653679, 'demo_cat_food_groceries', null, 3630, 'demo_w_cash_rub', null, null, null, null),
  ('seed_t_264', 'e2e00000-0000-4000-8000-000000000001', 0, 1781362258073, 1781436653679, 'demo_cat_food_groceries', null, 4130, 'demo_w_cash_rub', null, null, null, null),
  ('seed_t_265', 'e2e00000-0000-4000-8000-000000000001', 0, 1749317071634, 1781436653679, 'demo_cat_transport_public', null, 470, 'demo_w_cash_rub', null, null, null, null),
  ('seed_t_266', 'e2e00000-0000-4000-8000-000000000001', 0, 1768297439833, 1781436653679, 'demo_cat_food_groceries', null, 4660, 'demo_w_debit_rub', null, null, null, null),
  ('seed_t_267', 'e2e00000-0000-4000-8000-000000000001', 0, 1751891551274, 1781436653679, 'demo_cat_food_groceries', null, 1890, 'demo_w_deposit_eur', null, null, null, null),
  ('seed_t_268', 'e2e00000-0000-4000-8000-000000000001', 0, 1725060492778, 1781436653679, 'demo_cat_transport_public', null, 60, 'demo_w_savings', null, null, null, null),
  ('seed_t_269', 'e2e00000-0000-4000-8000-000000000001', 0, 1775398981218, 1781436653679, 'demo_cat_food_delivery', null, 1760, 'demo_w_debit_rub', null, null, null, null),
  ('seed_t_270', 'e2e00000-0000-4000-8000-000000000001', 0, 1709652861895, 1781436653679, 'demo_cat_entertainment_hobby', null, 3970, 'demo_w_usd', null, null, null, null),
  ('seed_t_271', 'e2e00000-0000-4000-8000-000000000001', 0, 1738791363927, 1781436653679, 'demo_cat_health_pharmacy', null, 720, 'demo_w_credit_rub', null, null, null, null),
  ('seed_t_272', 'e2e00000-0000-4000-8000-000000000001', 0, 1759912757758, 1781436653679, 'demo_cat_food_groceries', null, 2240, 'demo_w_savings', null, null, null, null),
  ('seed_t_273', 'e2e00000-0000-4000-8000-000000000001', 0, 1751732181125, 1781436653679, 'demo_cat_food_delivery', null, 680, 'demo_w_credit_rub', null, null, null, null),
  ('seed_t_274', 'e2e00000-0000-4000-8000-000000000001', 0, 1737394523592, 1781436653679, 'demo_cat_transport_public', null, 430, 'demo_w_usd', null, null, null, null),
  ('seed_t_275', 'e2e00000-0000-4000-8000-000000000001', 0, 1735841426155, 1781436653679, 'demo_cat_transport_fuel', null, 3820, 'demo_w_savings', null, null, null, null),
  ('seed_t_276', 'e2e00000-0000-4000-8000-000000000001', 0, 1741222815065, 1781436653679, 'demo_cat_transport_fuel', null, 1590, 'demo_w_deposit_eur', null, null, null, null),
  ('seed_t_277', 'e2e00000-0000-4000-8000-000000000001', 0, 1775762834126, 1781436653679, 'demo_cat_food_groceries', null, 1520, 'demo_w_savings', null, null, null, null),
  ('seed_t_278', 'e2e00000-0000-4000-8000-000000000001', 0, 1760077020148, 1781436653679, 'demo_cat_food_groceries', null, 3930, 'demo_w_crypto', null, null, null, null),
  ('seed_t_279', 'e2e00000-0000-4000-8000-000000000001', 0, 1744836721645, 1781436653679, 'demo_cat_food_cafe', null, 3100, 'demo_w_debit_rub', null, null, null, null),
  ('seed_t_280', 'e2e00000-0000-4000-8000-000000000001', 0, 1732406556200, 1781436653679, 'demo_cat_food_groceries', null, 2290, 'demo_w_debit_rub', null, null, null, null),
  ('seed_t_281', 'e2e00000-0000-4000-8000-000000000001', 0, 1750971175921, 1781436653679, 'demo_cat_food_delivery', null, 870, 'demo_w_debit_rub', null, null, null, null),
  ('seed_t_282', 'e2e00000-0000-4000-8000-000000000001', 0, 1720514566934, 1781436653679, 'demo_cat_sport', 'Gym', 4070, 'demo_w_deposit_eur', null, null, null, null),
  ('seed_t_283', 'e2e00000-0000-4000-8000-000000000001', 0, 1764018714062, 1781436653679, 'demo_cat_food_cafe', null, 2130, 'demo_w_credit_rub', null, null, null, null),
  ('seed_t_284', 'e2e00000-0000-4000-8000-000000000001', 0, 1740279787329, 1781436653679, 'demo_cat_pets', null, 4850, 'demo_w_crypto', null, null, null, null),
  ('seed_t_285', 'e2e00000-0000-4000-8000-000000000001', 0, 1716340722904, 1781436653679, 'demo_cat_entertainment_hobby', null, 1960, 'demo_w_cash_rub', null, null, null, null),
  ('seed_t_286', 'e2e00000-0000-4000-8000-000000000001', 0, 1717805466954, 1781436653679, 'demo_cat_entertainment_movies', null, 1680, 'demo_w_debit_rub', null, null, null, null),
  ('seed_t_287', 'e2e00000-0000-4000-8000-000000000001', 0, 1737611751004, 1781436653679, 'demo_cat_food_groceries', null, 1740, 'demo_w_crypto', null, null, null, null),
  ('seed_t_288', 'e2e00000-0000-4000-8000-000000000001', 0, 1710530245040, 1781436653679, 'demo_cat_gifts', null, 1290, 'demo_w_deposit_eur', null, null, null, null),
  ('seed_t_289', 'e2e00000-0000-4000-8000-000000000001', 0, 1707834713317, 1781436653679, 'demo_cat_transport_fuel', null, 3570, 'demo_w_credit_rub', null, null, null, null),
  ('seed_t_290', 'e2e00000-0000-4000-8000-000000000001', 0, 1711842513756, 1781436653679, 'demo_cat_food_groceries', null, 4640, 'demo_w_cash_rub', null, null, null, null),
  ('seed_t_291', 'e2e00000-0000-4000-8000-000000000001', 0, 1773876241179, 1781436653679, 'demo_cat_transport_service', 'Oil change', 13260, 'demo_w_usd', null, null, null, null),
  ('seed_t_292', 'e2e00000-0000-4000-8000-000000000001', 0, 1712074208386, 1781436653679, 'demo_cat_food_groceries', null, 2180, 'demo_w_usd', null, null, null, null),
  ('seed_t_293', 'e2e00000-0000-4000-8000-000000000001', 0, 1781023427979, 1781436653679, 'demo_cat_food_cafe', null, 3550, 'demo_w_credit_rub', null, null, null, null),
  ('seed_t_294', 'e2e00000-0000-4000-8000-000000000001', 0, 1743033682036, 1781436653679, 'demo_cat_food_groceries', null, 2640, 'demo_w_crypto', null, null, null, null),
  ('seed_t_295', 'e2e00000-0000-4000-8000-000000000001', 0, 1764496429064, 1781436653679, 'demo_cat_food_cafe', null, 1900, 'demo_w_credit_rub', null, null, null, null),
  ('seed_t_296', 'e2e00000-0000-4000-8000-000000000001', 0, 1718577156765, 1781436653679, 'demo_cat_food_groceries', null, 2220, 'demo_w_credit_rub', null, null, null, null),
  ('seed_t_297', 'e2e00000-0000-4000-8000-000000000001', 0, 1746423517058, 1781436653679, 'demo_cat_transport_public', null, 160, 'demo_w_savings', null, null, null, null),
  ('seed_t_298', 'e2e00000-0000-4000-8000-000000000001', 0, 1777490614662, 1781436653679, 'demo_cat_transport_fuel', null, 3750, 'demo_w_usd', null, null, null, null),
  ('seed_t_299', 'e2e00000-0000-4000-8000-000000000001', 0, 1742399422422, 1781436653679, 'demo_cat_entertainment_movies', null, 630, 'demo_w_credit_rub', null, null, null, null),
  ('seed_t_300', 'e2e00000-0000-4000-8000-000000000001', 0, 1758622900056, 1781436653679, 'demo_cat_entertainment_subs', null, 1330, 'demo_w_credit_rub', null, null, null, null),
  ('seed_t_301', 'e2e00000-0000-4000-8000-000000000001', 0, 1704347636707, 1781436653679, 'demo_cat_food_groceries', null, 3450, 'demo_w_credit_rub', null, null, null, null),
  ('seed_t_302', 'e2e00000-0000-4000-8000-000000000001', 0, 1705161385925, 1781436653679, 'demo_cat_food_cafe', null, 3400, 'demo_w_debit_rub', null, null, null, null),
  ('seed_t_303', 'e2e00000-0000-4000-8000-000000000001', 0, 1707656822564, 1781436653679, 'demo_cat_food_groceries', null, 1150, 'demo_w_deposit_eur', null, null, null, null),
  ('seed_t_304', 'e2e00000-0000-4000-8000-000000000001', 0, 1723258164480, 1781436653679, 'demo_cat_home_water', null, 1030, 'demo_w_credit_rub', null, null, null, null),
  ('seed_t_305', 'e2e00000-0000-4000-8000-000000000001', 0, 1715249601601, 1781436653679, 'demo_cat_health_pharmacy', null, 550, 'demo_w_crypto', null, null, null, null),
  ('seed_t_306', 'e2e00000-0000-4000-8000-000000000001', 0, 1769742124414, 1781436653679, 'demo_cat_health_pharmacy', null, 2820, 'demo_w_deposit_eur', null, null, null, null),
  ('seed_t_307', 'e2e00000-0000-4000-8000-000000000001', 0, 1736533247408, 1781436653679, 'demo_cat_food_delivery', null, 1300, 'demo_w_credit_rub', null, null, null, null),
  ('seed_t_308', 'e2e00000-0000-4000-8000-000000000001', 0, 1734697066617, 1781436653679, 'demo_cat_entertainment_subs', null, 350, 'demo_w_credit_rub', null, null, null, null),
  ('seed_t_309', 'e2e00000-0000-4000-8000-000000000001', 0, 1712240071397, 1781436653679, 'demo_cat_clothing', null, 12930, 'demo_w_credit_rub', null, null, null, null),
  ('seed_t_310', 'e2e00000-0000-4000-8000-000000000001', 0, 1747100720649, 1781436653679, 'demo_cat_food_groceries', null, 2610, 'demo_w_deposit_eur', null, null, null, null),
  ('seed_t_311', 'e2e00000-0000-4000-8000-000000000001', 0, 1730646472124, 1781436653679, 'demo_cat_food_groceries', null, 1960, 'demo_w_usd', null, null, null, null),
  ('seed_t_312', 'e2e00000-0000-4000-8000-000000000001', 0, 1736292867642, 1781436653679, 'demo_cat_food_groceries', null, 2810, 'demo_w_crypto', null, null, null, null),
  ('seed_t_313', 'e2e00000-0000-4000-8000-000000000001', 0, 1750513098774, 1781436653679, 'demo_cat_entertainment_movies', null, 1730, 'demo_w_credit_rub', null, null, null, null),
  ('seed_t_314', 'e2e00000-0000-4000-8000-000000000001', 0, 1717011276646, 1781436653679, 'demo_cat_food_delivery', null, 2110, 'demo_w_credit_rub', null, null, null, null),
  ('seed_t_315', 'e2e00000-0000-4000-8000-000000000001', 0, 1734137096099, 1781436653679, 'demo_cat_transport_public', null, 420, 'demo_w_crypto', null, null, null, null),
  ('seed_t_316', 'e2e00000-0000-4000-8000-000000000001', 0, 1712497092313, 1781436653679, 'demo_cat_food_groceries', null, 3830, 'demo_w_cash_rub', null, null, null, null),
  ('seed_t_317', 'e2e00000-0000-4000-8000-000000000001', 0, 1706639869069, 1781436653679, 'demo_cat_entertainment_subs', null, 260, 'demo_w_credit_rub', null, null, null, null),
  ('seed_t_318', 'e2e00000-0000-4000-8000-000000000001', 0, 1724452705497, 1781436653679, 'demo_cat_transport_parking', null, 420, 'demo_w_deposit_eur', null, null, null, null),
  ('seed_t_319', 'e2e00000-0000-4000-8000-000000000001', 0, 1748653936033, 1781436653679, 'demo_cat_food_cafe', null, 2350, 'demo_w_credit_rub', null, null, null, null),
  ('seed_t_320', 'e2e00000-0000-4000-8000-000000000001', 0, 1747074375042, 1781436653679, 'demo_cat_food_delivery', null, 2390, 'demo_w_credit_rub', null, null, null, null),
  ('seed_t_321', 'e2e00000-0000-4000-8000-000000000001', 0, 1717620366280, 1781436653679, 'demo_cat_food_groceries', null, 3530, 'demo_w_deposit_eur', null, null, null, null),
  ('seed_t_322', 'e2e00000-0000-4000-8000-000000000001', 0, 1749627825514, 1781436653679, 'demo_cat_sport', 'Gym', 3670, 'demo_w_usd', null, null, null, null),
  ('seed_t_323', 'e2e00000-0000-4000-8000-000000000001', 0, 1725971862001, 1781436653679, 'demo_cat_transport_public', null, 470, 'demo_w_credit_rub', null, null, null, null),
  ('seed_t_324', 'e2e00000-0000-4000-8000-000000000001', 0, 1712028008047, 1781436653679, 'demo_cat_transport_public', null, 210, 'demo_w_deposit_eur', null, null, null, null),
  ('seed_t_325', 'e2e00000-0000-4000-8000-000000000001', 0, 1722995003189, 1781436653679, 'demo_cat_transport_fuel', null, 2660, 'demo_w_cash_rub', null, null, null, null),
  ('seed_t_326', 'e2e00000-0000-4000-8000-000000000001', 0, 1746214296428, 1781436653679, 'demo_cat_food_groceries', null, 940, 'demo_w_savings', null, null, null, null),
  ('seed_t_327', 'e2e00000-0000-4000-8000-000000000001', 0, 1778557736440, 1781436653679, 'demo_cat_food_groceries', null, 840, 'demo_w_credit_rub', null, null, null, null),
  ('seed_t_328', 'e2e00000-0000-4000-8000-000000000001', 0, 1758623785412, 1781436653679, 'demo_cat_transport_parking', null, 440, 'demo_w_savings', null, null, null, null),
  ('seed_t_329', 'e2e00000-0000-4000-8000-000000000001', 0, 1763726380799, 1781436653679, 'demo_cat_food_delivery', null, 2940, 'demo_w_credit_rub', null, null, null, null),
  ('seed_t_330', 'e2e00000-0000-4000-8000-000000000001', 0, 1741554951694, 1781436653679, 'demo_cat_food_cafe', null, 1840, 'demo_w_credit_rub', null, null, null, null),
  ('seed_t_331', 'e2e00000-0000-4000-8000-000000000001', 0, 1775075788028, 1781436653679, 'demo_cat_sport', 'Gym', 2230, 'demo_w_crypto', null, null, null, null),
  ('seed_t_332', 'e2e00000-0000-4000-8000-000000000001', 0, 1727356375346, 1781436653679, 'demo_cat_transport_public', null, 250, 'demo_w_cash_rub', null, null, null, null),
  ('seed_t_333', 'e2e00000-0000-4000-8000-000000000001', 0, 1773185831467, 1781436653679, 'demo_cat_food_groceries', null, 4650, 'demo_w_savings', null, null, null, null),
  ('seed_t_334', 'e2e00000-0000-4000-8000-000000000001', 0, 1752345994312, 1781436653679, 'demo_cat_food_groceries', null, 3700, 'demo_w_crypto', null, null, null, null),
  ('seed_t_335', 'e2e00000-0000-4000-8000-000000000001', 0, 1734417059088, 1781436653679, 'demo_cat_transport_fuel', null, 3580, 'demo_w_savings', null, null, null, null),
  ('seed_t_336', 'e2e00000-0000-4000-8000-000000000001', 0, 1749460581017, 1781436653679, 'demo_cat_pets', null, 960, 'demo_w_usd', null, null, null, null),
  ('seed_t_337', 'e2e00000-0000-4000-8000-000000000001', 0, 1727366541161, 1781436653679, 'demo_cat_food_delivery', null, 2840, 'demo_w_credit_rub', null, null, null, null),
  ('seed_t_338', 'e2e00000-0000-4000-8000-000000000001', 0, 1756967952095, 1781436653679, 'demo_cat_food_groceries', null, 440, 'demo_w_deposit_eur', null, null, null, null),
  ('seed_t_339', 'e2e00000-0000-4000-8000-000000000001', 0, 1736518523057, 1781436653679, 'demo_cat_food_cafe', null, 520, 'demo_w_credit_rub', null, null, null, null),
  ('seed_t_340', 'e2e00000-0000-4000-8000-000000000001', 0, 1741400176036, 1781436653679, 'demo_cat_transport_parking', null, 150, 'demo_w_savings', null, null, null, null),
  ('seed_t_341', 'e2e00000-0000-4000-8000-000000000001', 0, 1752875325250, 1781436653679, 'demo_cat_health_doctor', 'Checkup', 6260, 'demo_w_deposit_eur', null, null, null, null),
  ('seed_t_342', 'e2e00000-0000-4000-8000-000000000001', 0, 1709278876211, 1781436653679, 'demo_cat_entertainment_movies', null, 550, 'demo_w_credit_rub', null, null, null, null),
  ('seed_t_343', 'e2e00000-0000-4000-8000-000000000001', 0, 1726526383726, 1781436653679, 'demo_cat_entertainment_movies', null, 680, 'demo_w_credit_rub', null, null, null, null),
  ('seed_t_344', 'e2e00000-0000-4000-8000-000000000001', 0, 1715252074045, 1781436653679, 'demo_cat_food_cafe', null, 1420, 'demo_w_debit_rub', null, null, null, null),
  ('seed_t_345', 'e2e00000-0000-4000-8000-000000000001', 0, 1720682041761, 1781436653679, 'demo_cat_food_delivery', null, 1990, 'demo_w_credit_rub', null, null, null, null),
  ('seed_t_346', 'e2e00000-0000-4000-8000-000000000001', 0, 1726753784259, 1781436653679, 'demo_cat_clothing', null, 2370, 'demo_w_credit_rub', null, null, null, null),
  ('seed_t_347', 'e2e00000-0000-4000-8000-000000000001', 0, 1708839475717, 1781436653679, 'demo_cat_pets', null, 2350, 'demo_w_cash_rub', null, null, null, null),
  ('seed_t_348', 'e2e00000-0000-4000-8000-000000000001', 0, 1751925725308, 1781436653679, 'demo_cat_home_electricity', null, 1810, 'demo_w_deposit_eur', null, null, null, null),
  ('seed_t_349', 'e2e00000-0000-4000-8000-000000000001', 0, 1768334173007, 1781436653679, 'demo_cat_education', null, 8630, 'demo_w_credit_rub', null, null, null, null),
  ('seed_t_350', 'e2e00000-0000-4000-8000-000000000001', 0, 1755304520827, 1781436653679, 'demo_cat_sport', 'Gym', 3340, 'demo_w_crypto', null, null, null, null),
  ('seed_t_351', 'e2e00000-0000-4000-8000-000000000001', 0, 1777630687657, 1781436653679, 'demo_cat_entertainment_subs', null, 1090, 'demo_w_credit_rub', null, null, null, null),
  ('seed_t_352', 'e2e00000-0000-4000-8000-000000000001', 0, 1726801787424, 1781436653679, 'demo_cat_transport_public', null, 500, 'demo_w_debit_rub', null, null, null, null),
  ('seed_t_353', 'e2e00000-0000-4000-8000-000000000001', 0, 1731971689373, 1781436653679, 'demo_cat_food_delivery', null, 1640, 'demo_w_credit_rub', null, null, null, null),
  ('seed_t_354', 'e2e00000-0000-4000-8000-000000000001', 0, 1767158119408, 1781436653679, 'demo_cat_food_groceries', null, 1100, 'demo_w_debit_rub', null, null, null, null),
  ('seed_t_355', 'e2e00000-0000-4000-8000-000000000001', 0, 1774863049559, 1781436653679, 'demo_cat_entertainment_subs', null, 1100, 'demo_w_credit_rub', null, null, null, null),
  ('seed_t_356', 'e2e00000-0000-4000-8000-000000000001', 0, 1751174679425, 1781436653679, 'demo_cat_food_delivery', null, 840, 'demo_w_debit_rub', null, null, null, null),
  ('seed_t_357', 'e2e00000-0000-4000-8000-000000000001', 0, 1715592690660, 1781436653679, 'demo_cat_transport_fuel', null, 1710, 'demo_w_cash_rub', null, null, null, null),
  ('seed_t_358', 'e2e00000-0000-4000-8000-000000000001', 0, 1749338949989, 1781436653679, 'demo_cat_transport_fuel', null, 3530, 'demo_w_crypto', null, null, null, null),
  ('seed_t_359', 'e2e00000-0000-4000-8000-000000000001', 0, 1748701627967, 1781436653679, 'demo_cat_food_groceries', null, 3360, 'demo_w_deposit_eur', null, null, null, null),
  ('seed_t_360', 'e2e00000-0000-4000-8000-000000000001', 0, 1751944069863, 1781436653679, 'demo_cat_transport_parking', null, 180, 'demo_w_cash_rub', null, null, null, null),
  ('seed_t_361', 'e2e00000-0000-4000-8000-000000000001', 0, 1711621958586, 1781436653679, 'demo_cat_food_cafe', null, 880, 'demo_w_debit_rub', null, null, null, null),
  ('seed_t_362', 'e2e00000-0000-4000-8000-000000000001', 0, 1738447048961, 1781436653679, 'demo_cat_food_groceries', null, 4750, 'demo_w_debit_rub', null, null, null, null),
  ('seed_t_363', 'e2e00000-0000-4000-8000-000000000001', 0, 1724084432159, 1781436653679, 'demo_cat_food_delivery', null, 1600, 'demo_w_debit_rub', null, null, null, null),
  ('seed_t_364', 'e2e00000-0000-4000-8000-000000000001', 0, 1729019809851, 1781436653679, 'demo_cat_food_groceries', null, 2020, 'demo_w_crypto', null, null, null, null),
  ('seed_t_365', 'e2e00000-0000-4000-8000-000000000001', 0, 1743609903520, 1781436653679, 'demo_cat_home_electricity', null, 2160, 'demo_w_credit_rub', null, null, null, null),
  ('seed_t_366', 'e2e00000-0000-4000-8000-000000000001', 0, 1743412999753, 1781436653679, 'demo_cat_transport_public', null, 330, 'demo_w_deposit_eur', null, null, null, null),
  ('seed_t_367', 'e2e00000-0000-4000-8000-000000000001', 0, 1765398806716, 1781436653679, 'demo_cat_pets', null, 4070, 'demo_w_savings', null, null, null, null),
  ('seed_t_368', 'e2e00000-0000-4000-8000-000000000001', 0, 1734739257298, 1781436653679, 'demo_cat_transport_fuel', null, 3340, 'demo_w_savings', null, null, null, null),
  ('seed_t_369', 'e2e00000-0000-4000-8000-000000000001', 0, 1737868273627, 1781436653679, 'demo_cat_transport_public', null, 130, 'demo_w_crypto', null, null, null, null),
  ('seed_t_370', 'e2e00000-0000-4000-8000-000000000001', 0, 1742090616708, 1781436653679, 'demo_cat_sport', 'Gym', 2620, 'demo_w_credit_rub', null, null, null, null),
  ('seed_t_371', 'e2e00000-0000-4000-8000-000000000001', 0, 1776236120480, 1781436653679, 'demo_cat_food_groceries', null, 4600, 'demo_w_debit_rub', null, null, null, null),
  ('seed_t_372', 'e2e00000-0000-4000-8000-000000000001', 0, 1757003170259, 1781436653679, 'demo_cat_transport_fuel', null, 4580, 'demo_w_usd', null, null, null, null),
  ('seed_t_373', 'e2e00000-0000-4000-8000-000000000001', 0, 1708349560311, 1781436653679, 'demo_cat_food_cafe', null, 3150, 'demo_w_credit_rub', null, null, null, null),
  ('seed_t_374', 'e2e00000-0000-4000-8000-000000000001', 0, 1733087520347, 1781436653679, 'demo_cat_transport_fuel', null, 2190, 'demo_w_credit_rub', null, null, null, null),
  ('seed_t_375', 'e2e00000-0000-4000-8000-000000000001', 0, 1750296627856, 1781436653679, 'demo_cat_food_cafe', null, 3890, 'demo_w_credit_rub', null, null, null, null),
  ('seed_t_376', 'e2e00000-0000-4000-8000-000000000001', 0, 1710866275457, 1781436653679, 'demo_cat_health_pharmacy', null, 2470, 'demo_w_credit_rub', null, null, null, null),
  ('seed_t_377', 'e2e00000-0000-4000-8000-000000000001', 0, 1755115654792, 1781436653679, 'demo_cat_transport_fuel', null, 4060, 'demo_w_crypto', null, null, null, null),
  ('seed_t_378', 'e2e00000-0000-4000-8000-000000000001', 0, 1747130995217, 1781436653679, 'demo_cat_home_rent', null, 49810, 'demo_w_savings', null, null, null, null),
  ('seed_t_379', 'e2e00000-0000-4000-8000-000000000001', 0, 1777465074407, 1781436653679, 'demo_cat_transport_fuel', null, 3650, 'demo_w_cash_rub', null, null, null, null),
  ('seed_t_380', 'e2e00000-0000-4000-8000-000000000001', 0, 1772093350243, 1781436653679, 'demo_cat_food_cafe', null, 3980, 'demo_w_debit_rub', null, null, null, null),
  ('seed_t_381', 'e2e00000-0000-4000-8000-000000000001', 0, 1773654149238, 1781436653679, 'demo_cat_transport_fuel', null, 2500, 'demo_w_cash_rub', null, null, null, null),
  ('seed_t_382', 'e2e00000-0000-4000-8000-000000000001', 0, 1740314743039, 1781436653679, 'demo_cat_health_pharmacy', null, 2600, 'demo_w_deposit_eur', null, null, null, null),
  ('seed_t_383', 'e2e00000-0000-4000-8000-000000000001', 0, 1731868665661, 1781436653679, 'demo_cat_food_cafe', null, 1600, 'demo_w_credit_rub', null, null, null, null),
  ('seed_t_384', 'e2e00000-0000-4000-8000-000000000001', 0, 1736011251663, 1781436653679, 'demo_cat_family', null, 3920, 'demo_w_deposit_eur', null, null, null, null),
  ('seed_t_385', 'e2e00000-0000-4000-8000-000000000001', 0, 1768007662329, 1781436653679, 'demo_cat_food_groceries', null, 4490, 'demo_w_savings', null, null, null, null),
  ('seed_t_386', 'e2e00000-0000-4000-8000-000000000001', 0, 1747304234204, 1781436653679, 'demo_cat_food_delivery', null, 1090, 'demo_w_credit_rub', null, null, null, null),
  ('seed_t_387', 'e2e00000-0000-4000-8000-000000000001', 0, 1747217159995, 1781436653679, 'demo_cat_transport_public', null, 80, 'demo_w_deposit_eur', null, null, null, null),
  ('seed_t_388', 'e2e00000-0000-4000-8000-000000000001', 0, 1732192674254, 1781436653679, 'demo_cat_food_groceries', null, 3630, 'demo_w_deposit_eur', null, null, null, null),
  ('seed_t_389', 'e2e00000-0000-4000-8000-000000000001', 0, 1772118939178, 1781436653679, 'demo_cat_transport_public', null, 160, 'demo_w_savings', null, null, null, null),
  ('seed_t_390', 'e2e00000-0000-4000-8000-000000000001', 0, 1707415159716, 1781436653679, 'demo_cat_sport', 'Gym', 3090, 'demo_w_usd', null, null, null, null),
  ('seed_t_391', 'e2e00000-0000-4000-8000-000000000001', 0, 1714586227338, 1781436653679, 'demo_cat_food_groceries', null, 4020, 'demo_w_savings', null, null, null, null),
  ('seed_t_392', 'e2e00000-0000-4000-8000-000000000001', 0, 1709195097540, 1781436653679, 'demo_cat_sport', 'Gym', 2890, 'demo_w_deposit_eur', null, null, null, null),
  ('seed_t_393', 'e2e00000-0000-4000-8000-000000000001', 0, 1773872566526, 1781436653679, 'demo_cat_transport_public', null, 410, 'demo_w_debit_rub', null, null, null, null),
  ('seed_t_394', 'e2e00000-0000-4000-8000-000000000001', 0, 1706418373128, 1781436653679, 'demo_cat_pets', null, 4280, 'demo_w_crypto', null, null, null, null),
  ('seed_t_395', 'e2e00000-0000-4000-8000-000000000001', 0, 1763205388390, 1781436653679, 'demo_cat_food_delivery', null, 1940, 'demo_w_credit_rub', null, null, null, null),
  ('seed_t_396', 'e2e00000-0000-4000-8000-000000000001', 0, 1730593082484, 1781436653679, 'demo_cat_food_cafe', null, 2800, 'demo_w_debit_rub', null, null, null, null),
  ('seed_t_397', 'e2e00000-0000-4000-8000-000000000001', 0, 1733266613321, 1781436653679, 'demo_cat_food_groceries', null, 4330, 'demo_w_savings', null, null, null, null),
  ('seed_t_398', 'e2e00000-0000-4000-8000-000000000001', 0, 1766258776365, 1781436653679, 'demo_cat_entertainment_hobby', null, 1450, 'demo_w_credit_rub', null, null, null, null),
  ('seed_t_399', 'e2e00000-0000-4000-8000-000000000001', 0, 1722661859785, 1781436653679, 'demo_cat_food_groceries', null, 2010, 'demo_w_cash_rub', null, null, null, null),
  ('seed_t_400', 'e2e00000-0000-4000-8000-000000000001', 0, 1715162555250, 1781436653679, 'demo_cat_transport_public', null, 90, 'demo_w_savings', null, null, null, null),
  ('seed_t_401', 'e2e00000-0000-4000-8000-000000000001', 0, 1710274395058, 1781436653679, 'demo_cat_food_groceries', null, 4690, 'demo_w_cash_rub', null, null, null, null),
  ('seed_t_402', 'e2e00000-0000-4000-8000-000000000001', 0, 1765605999371, 1781436653679, 'demo_cat_food_groceries', null, 3710, 'demo_w_usd', null, null, null, null),
  ('seed_t_403', 'e2e00000-0000-4000-8000-000000000001', 0, 1715735154278, 1781436653679, 'demo_cat_transport_fuel', null, 4610, 'demo_w_credit_rub', null, null, null, null),
  ('seed_t_404', 'e2e00000-0000-4000-8000-000000000001', 0, 1770141785206, 1781436653679, 'demo_cat_transport_fuel', null, 4600, 'demo_w_deposit_eur', null, null, null, null),
  ('seed_t_405', 'e2e00000-0000-4000-8000-000000000001', 0, 1710262132116, 1781436653679, 'demo_cat_food_groceries', null, 3040, 'demo_w_debit_rub', null, null, null, null),
  ('seed_t_406', 'e2e00000-0000-4000-8000-000000000001', 0, 1717479080443, 1781436653679, 'demo_cat_food_groceries', null, 4800, 'demo_w_debit_rub', null, null, null, null),
  ('seed_t_407', 'e2e00000-0000-4000-8000-000000000001', 0, 1727529000015, 1781436653679, 'demo_cat_entertainment_subs', null, 410, 'demo_w_credit_rub', null, null, null, null),
  ('seed_t_408', 'e2e00000-0000-4000-8000-000000000001', 0, 1765381750395, 1781436653679, 'demo_cat_food_cafe', null, 530, 'demo_w_debit_rub', null, null, null, null),
  ('seed_t_409', 'e2e00000-0000-4000-8000-000000000001', 0, 1751305568910, 1781436653679, 'demo_cat_food_groceries', null, 620, 'demo_w_cash_rub', null, null, null, null),
  ('seed_t_410', 'e2e00000-0000-4000-8000-000000000001', 0, 1713265651243, 1781436653679, 'demo_cat_food_groceries', null, 1760, 'demo_w_debit_rub', null, null, null, null),
  ('seed_t_411', 'e2e00000-0000-4000-8000-000000000001', 0, 1766749825365, 1781436653679, 'demo_cat_travel', null, 34130, 'demo_w_credit_rub', null, null, null, null),
  ('seed_t_412', 'e2e00000-0000-4000-8000-000000000001', 0, 1770447231174, 1781436653679, 'demo_cat_home_internet', null, 1070, 'demo_w_savings', null, null, null, null),
  ('seed_t_413', 'e2e00000-0000-4000-8000-000000000001', 0, 1775746888829, 1781436653679, 'demo_cat_food_groceries', null, 2700, 'demo_w_cash_rub', null, null, null, null),
  ('seed_t_414', 'e2e00000-0000-4000-8000-000000000001', 0, 1735975401819, 1781436653679, 'demo_cat_food_groceries', null, 3140, 'demo_w_debit_rub', null, null, null, null),
  ('seed_t_415', 'e2e00000-0000-4000-8000-000000000001', 0, 1780532662220, 1781436653679, 'demo_cat_transport_parking', null, 350, 'demo_w_deposit_eur', null, null, null, null),
  ('seed_t_416', 'e2e00000-0000-4000-8000-000000000001', 0, 1764848891192, 1781436653679, 'demo_cat_food_cafe', null, 2030, 'demo_w_credit_rub', null, null, null, null),
  ('seed_t_417', 'e2e00000-0000-4000-8000-000000000001', 0, 1740528656851, 1781436653679, 'demo_cat_food_delivery', null, 680, 'demo_w_credit_rub', null, null, null, null),
  ('seed_t_418', 'e2e00000-0000-4000-8000-000000000001', 0, 1749335806643, 1781436653679, 'demo_cat_food_groceries', null, 1710, 'demo_w_deposit_eur', null, null, null, null),
  ('seed_t_419', 'e2e00000-0000-4000-8000-000000000001', 0, 1725584099417, 1781436653679, 'demo_cat_health_pharmacy', null, 480, 'demo_w_credit_rub', null, null, null, null),
  ('seed_t_420', 'e2e00000-0000-4000-8000-000000000001', 0, 1780326112000, 1781436653679, 'demo_cat_entertainment_subs', null, 890, 'demo_w_credit_rub', null, null, null, null),
  ('seed_t_421', 'e2e00000-0000-4000-8000-000000000001', 0, 1736877730275, 1781436653679, 'demo_cat_food_groceries', null, 3700, 'demo_w_cash_rub', null, null, null, null),
  ('seed_t_422', 'e2e00000-0000-4000-8000-000000000001', 0, 1764866792256, 1781436653679, 'demo_cat_travel', null, 12690, 'demo_w_debit_rub', null, null, null, null),
  ('seed_t_423', 'e2e00000-0000-4000-8000-000000000001', 0, 1771895877294, 1781436653679, 'demo_cat_transport_fuel', null, 2650, 'demo_w_usd', null, null, null, null),
  ('seed_t_424', 'e2e00000-0000-4000-8000-000000000001', 0, 1772656967150, 1781436653679, 'demo_cat_transport_fuel', null, 2110, 'demo_w_cash_rub', null, null, null, null),
  ('seed_t_425', 'e2e00000-0000-4000-8000-000000000001', 0, 1739099663340, 1781436653679, 'demo_cat_food_cafe', null, 640, 'demo_w_debit_rub', null, null, null, null),
  ('seed_t_426', 'e2e00000-0000-4000-8000-000000000001', 0, 1714834902702, 1781436653679, 'demo_cat_transport_parking', null, 270, 'demo_w_crypto', null, null, null, null),
  ('seed_t_427', 'e2e00000-0000-4000-8000-000000000001', 0, 1751117031938, 1781436653679, 'demo_cat_health_pharmacy', null, 960, 'demo_w_cash_rub', null, null, null, null),
  ('seed_t_428', 'e2e00000-0000-4000-8000-000000000001', 0, 1747395154270, 1781436653679, 'demo_cat_food_groceries', null, 310, 'demo_w_cash_rub', null, null, null, null),
  ('seed_t_429', 'e2e00000-0000-4000-8000-000000000001', 0, 1715281448903, 1781436653679, 'demo_cat_home_water', null, 1020, 'demo_w_cash_rub', null, null, null, null),
  ('seed_t_430', 'e2e00000-0000-4000-8000-000000000001', 0, 1748071986666, 1781436653679, 'demo_cat_food_cafe', null, 2580, 'demo_w_credit_rub', null, null, null, null),
  ('seed_t_431', 'e2e00000-0000-4000-8000-000000000001', 0, 1717501151216, 1781436653679, 'demo_cat_food_delivery', null, 2010, 'demo_w_debit_rub', null, null, null, null),
  ('seed_t_432', 'e2e00000-0000-4000-8000-000000000001', 0, 1721434421750, 1781436653679, 'demo_cat_entertainment_movies', null, 1900, 'demo_w_credit_rub', null, null, null, null),
  ('seed_t_433', 'e2e00000-0000-4000-8000-000000000001', 0, 1719761764590, 1781436653679, 'demo_cat_pets', null, 2670, 'demo_w_savings', null, null, null, null),
  ('seed_t_434', 'e2e00000-0000-4000-8000-000000000001', 0, 1722615113651, 1781436653679, 'demo_cat_family', null, 5350, 'demo_w_cash_rub', null, null, null, null),
  ('seed_t_435', 'e2e00000-0000-4000-8000-000000000001', 0, 1748611780553, 1781436653679, 'demo_cat_health_pharmacy', null, 1750, 'demo_w_crypto', null, null, null, null),
  ('seed_t_436', 'e2e00000-0000-4000-8000-000000000001', 0, 1709834497844, 1781436653679, 'demo_cat_food_groceries', null, 4150, 'demo_w_debit_rub', null, null, null, null),
  ('seed_t_437', 'e2e00000-0000-4000-8000-000000000001', 0, 1755039337907, 1781436653679, 'demo_cat_transport_parking', null, 390, 'demo_w_credit_rub', null, null, null, null),
  ('seed_t_438', 'e2e00000-0000-4000-8000-000000000001', 0, 1733312112496, 1781436653679, 'demo_cat_food_delivery', null, 2240, 'demo_w_debit_rub', null, null, null, null),
  ('seed_t_439', 'e2e00000-0000-4000-8000-000000000001', 0, 1778937926830, 1781436653679, 'demo_cat_food_cafe', null, 3400, 'demo_w_debit_rub', null, null, null, null),
  ('seed_t_440', 'e2e00000-0000-4000-8000-000000000001', 0, 1715416296840, 1781436653679, 'demo_cat_entertainment_subs', null, 830, 'demo_w_credit_rub', null, null, null, null),
  ('seed_t_441', 'e2e00000-0000-4000-8000-000000000001', 0, 1714610262275, 1781436653679, 'demo_cat_food_groceries', null, 4660, 'demo_w_savings', null, null, null, null),
  ('seed_t_442', 'e2e00000-0000-4000-8000-000000000001', 0, 1707388582104, 1781436653679, 'demo_cat_transport_parking', null, 160, 'demo_w_deposit_eur', null, null, null, null),
  ('seed_t_443', 'e2e00000-0000-4000-8000-000000000001', 0, 1772780226193, 1781436653679, 'demo_cat_food_groceries', null, 4670, 'demo_w_crypto', null, null, null, null),
  ('seed_t_444', 'e2e00000-0000-4000-8000-000000000001', 0, 1738418578520, 1781436653679, 'demo_cat_entertainment_hobby', null, 520, 'demo_w_debit_rub', null, null, null, null),
  ('seed_t_445', 'e2e00000-0000-4000-8000-000000000001', 0, 1748208988134, 1781436653679, 'demo_cat_food_delivery', null, 680, 'demo_w_credit_rub', null, null, null, null),
  ('seed_t_446', 'e2e00000-0000-4000-8000-000000000001', 0, 1715680530572, 1781436653679, 'demo_cat_food_groceries', null, 440, 'demo_w_deposit_eur', null, null, null, null),
  ('seed_t_447', 'e2e00000-0000-4000-8000-000000000001', 0, 1761759305778, 1781436653679, 'demo_cat_health_pharmacy', null, 1840, 'demo_w_debit_rub', null, null, null, null),
  ('seed_t_448', 'e2e00000-0000-4000-8000-000000000001', 0, 1720406942701, 1781436653679, 'demo_cat_food_cafe', null, 2250, 'demo_w_debit_rub', null, null, null, null),
  ('seed_t_449', 'e2e00000-0000-4000-8000-000000000001', 0, 1709760824930, 1781436653679, 'demo_cat_food_cafe', null, 2330, 'demo_w_credit_rub', null, null, null, null),
  ('seed_t_450', 'e2e00000-0000-4000-8000-000000000001', 0, 1705265338407, 1781436653679, 'demo_cat_food_groceries', null, 4680, 'demo_w_usd', null, null, null, null),
  ('seed_t_451', 'e2e00000-0000-4000-8000-000000000001', 0, 1706124649138, 1781436653679, 'demo_cat_transport_public', null, 280, 'demo_w_credit_rub', null, null, null, null),
  ('seed_t_452', 'e2e00000-0000-4000-8000-000000000001', 0, 1716730337442, 1781436653679, 'demo_cat_entertainment_hobby', null, 1910, 'demo_w_usd', null, null, null, null),
  ('seed_t_453', 'e2e00000-0000-4000-8000-000000000001', 0, 1709253020914, 1781436653679, 'demo_cat_food_groceries', null, 4900, 'demo_w_crypto', null, null, null, null),
  ('seed_t_454', 'e2e00000-0000-4000-8000-000000000001', 0, 1760088938229, 1781436653679, 'demo_cat_food_groceries', null, 470, 'demo_w_usd', null, null, null, null),
  ('seed_t_455', 'e2e00000-0000-4000-8000-000000000001', 0, 1766320422141, 1781436653679, 'demo_cat_transport_public', null, 400, 'demo_w_credit_rub', null, null, null, null),
  ('seed_t_456', 'e2e00000-0000-4000-8000-000000000001', 0, 1708091920882, 1781436653679, 'demo_cat_transport_public', null, 440, 'demo_w_savings', null, null, null, null),
  ('seed_t_457', 'e2e00000-0000-4000-8000-000000000001', 0, 1750416075197, 1781436653679, 'demo_cat_travel', null, 22970, 'demo_w_debit_rub', null, null, null, null),
  ('seed_t_458', 'e2e00000-0000-4000-8000-000000000001', 0, 1718079751488, 1781436653679, 'demo_cat_food_cafe', null, 1150, 'demo_w_credit_rub', null, null, null, null),
  ('seed_t_459', 'e2e00000-0000-4000-8000-000000000001', 0, 1733555876221, 1781436653679, 'demo_cat_home_rent', null, 51380, 'demo_w_usd', null, null, null, null),
  ('seed_t_460', 'e2e00000-0000-4000-8000-000000000001', 0, 1754776182144, 1781436653679, 'demo_cat_home_internet', null, 880, 'demo_w_cash_rub', null, null, null, null),
  ('seed_t_461', 'e2e00000-0000-4000-8000-000000000001', 0, 1734903868716, 1781436653679, 'demo_cat_food_cafe', null, 2670, 'demo_w_credit_rub', null, null, null, null),
  ('seed_t_462', 'e2e00000-0000-4000-8000-000000000001', 0, 1725416166601, 1781436653679, 'demo_cat_pets', null, 3340, 'demo_w_crypto', null, null, null, null),
  ('seed_t_463', 'e2e00000-0000-4000-8000-000000000001', 0, 1765420813139, 1781436653679, 'demo_cat_transport_fuel', null, 4050, 'demo_w_savings', null, null, null, null),
  ('seed_t_464', 'e2e00000-0000-4000-8000-000000000001', 0, 1761434357676, 1781436653679, 'demo_cat_transport_parking', null, 110, 'demo_w_savings', null, null, null, null),
  ('seed_t_465', 'e2e00000-0000-4000-8000-000000000001', 0, 1751325903225, 1781436653679, 'demo_cat_transport_parking', null, 350, 'demo_w_usd', null, null, null, null),
  ('seed_t_466', 'e2e00000-0000-4000-8000-000000000001', 0, 1706840293978, 1781436653679, 'demo_cat_food_delivery', null, 2100, 'demo_w_debit_rub', null, null, null, null),
  ('seed_t_467', 'e2e00000-0000-4000-8000-000000000001', 0, 1764340763029, 1781436653679, 'demo_cat_health_pharmacy', null, 2210, 'demo_w_credit_rub', null, null, null, null),
  ('seed_t_468', 'e2e00000-0000-4000-8000-000000000001', 0, 1744925134791, 1781436653679, 'demo_cat_transport_fuel', null, 4100, 'demo_w_usd', null, null, null, null),
  ('seed_t_469', 'e2e00000-0000-4000-8000-000000000001', 0, 1749563985994, 1781436653679, 'demo_cat_entertainment_movies', null, 740, 'demo_w_credit_rub', null, null, null, null),
  ('seed_t_470', 'e2e00000-0000-4000-8000-000000000001', 0, 1749488761560, 1781436653679, 'demo_cat_health_pharmacy', null, 2870, 'demo_w_savings', null, null, null, null),
  ('seed_t_471', 'e2e00000-0000-4000-8000-000000000001', 0, 1751368976634, 1781436653679, 'demo_cat_food_groceries', null, 1910, 'demo_w_usd', null, null, null, null),
  ('seed_t_472', 'e2e00000-0000-4000-8000-000000000001', 0, 1715200945384, 1781436653679, 'demo_cat_food_groceries', null, 2410, 'demo_w_deposit_eur', null, null, null, null),
  ('seed_t_473', 'e2e00000-0000-4000-8000-000000000001', 0, 1727507265680, 1781436653679, 'demo_cat_transport_public', null, 160, 'demo_w_crypto', null, null, null, null),
  ('seed_t_474', 'e2e00000-0000-4000-8000-000000000001', 0, 1750416274839, 1781436653679, 'demo_cat_food_cafe', null, 1250, 'demo_w_debit_rub', null, null, null, null),
  ('seed_t_475', 'e2e00000-0000-4000-8000-000000000001', 0, 1715596028181, 1781436653679, 'demo_cat_transport_service', 'Oil change', 8530, 'demo_w_usd', null, null, null, null),
  ('seed_t_476', 'e2e00000-0000-4000-8000-000000000001', 0, 1772048701132, 1781436653679, 'demo_cat_food_groceries', null, 1920, 'demo_w_credit_rub', null, null, null, null),
  ('seed_t_477', 'e2e00000-0000-4000-8000-000000000001', 0, 1757018956182, 1781436653679, 'demo_cat_transport_parking', null, 180, 'demo_w_deposit_eur', null, null, null, null),
  ('seed_t_478', 'e2e00000-0000-4000-8000-000000000001', 0, 1778193932605, 1781436653679, 'demo_cat_pets', null, 4020, 'demo_w_crypto', null, null, null, null),
  ('seed_t_479', 'e2e00000-0000-4000-8000-000000000001', 0, 1705560348966, 1781436653679, 'demo_cat_transport_fuel', null, 2890, 'demo_w_usd', null, null, null, null),
  ('seed_t_480', 'e2e00000-0000-4000-8000-000000000001', 0, 1776460447764, 1781436653679, 'demo_cat_clothing', null, 3410, 'demo_w_debit_rub', null, null, null, null),
  ('seed_t_481', 'e2e00000-0000-4000-8000-000000000001', 0, 1733574716565, 1781436653679, 'demo_cat_transport_service', 'Oil change', 3140, 'demo_w_credit_rub', null, null, null, null),
  ('seed_t_482', 'e2e00000-0000-4000-8000-000000000001', 0, 1726572027966, 1781436653679, 'demo_cat_food_cafe', null, 780, 'demo_w_credit_rub', null, null, null, null),
  ('seed_t_483', 'e2e00000-0000-4000-8000-000000000001', 0, 1745171724542, 1781436653679, 'demo_cat_food_groceries', null, 3470, 'demo_w_deposit_eur', null, null, null, null),
  ('seed_t_484', 'e2e00000-0000-4000-8000-000000000001', 0, 1747089511014, 1781436653679, 'demo_cat_health_pharmacy', null, 700, 'demo_w_savings', null, null, null, null),
  ('seed_t_485', 'e2e00000-0000-4000-8000-000000000001', 0, 1744253868732, 1781436653679, 'demo_cat_food_groceries', null, 3250, 'demo_w_usd', null, null, null, null),
  ('seed_t_486', 'e2e00000-0000-4000-8000-000000000001', 0, 1751910831947, 1781436653679, 'demo_cat_transport_public', null, 110, 'demo_w_debit_rub', null, null, null, null),
  ('seed_t_487', 'e2e00000-0000-4000-8000-000000000001', 0, 1774446508872, 1781436653679, 'demo_cat_food_groceries', null, 3550, 'demo_w_usd', null, null, null, null),
  ('seed_t_488', 'e2e00000-0000-4000-8000-000000000001', 0, 1711823080938, 1781436653679, 'demo_cat_food_cafe', null, 1210, 'demo_w_debit_rub', null, null, null, null),
  ('seed_t_489', 'e2e00000-0000-4000-8000-000000000001', 0, 1760196890078, 1781436653679, 'demo_cat_education', null, 5800, 'demo_w_cash_rub', null, null, null, null),
  ('seed_t_490', 'e2e00000-0000-4000-8000-000000000001', 0, 1770386984571, 1781436653679, 'demo_cat_food_cafe', null, 1460, 'demo_w_credit_rub', null, null, null, null),
  ('seed_t_491', 'e2e00000-0000-4000-8000-000000000001', 0, 1743236309496, 1781436653679, 'demo_cat_clothing', null, 5490, 'demo_w_debit_rub', null, null, null, null),
  ('seed_t_492', 'e2e00000-0000-4000-8000-000000000001', 0, 1709931084794, 1781436653679, 'demo_cat_food_groceries', null, 1250, 'demo_w_credit_rub', null, null, null, null),
  ('seed_t_493', 'e2e00000-0000-4000-8000-000000000001', 0, 1710490315960, 1781436653679, 'demo_cat_pets', null, 3820, 'demo_w_deposit_eur', null, null, null, null),
  ('seed_t_494', 'e2e00000-0000-4000-8000-000000000001', 0, 1774609025865, 1781436653679, 'demo_cat_food_cafe', null, 2960, 'demo_w_debit_rub', null, null, null, null),
  ('seed_t_495', 'e2e00000-0000-4000-8000-000000000001', 0, 1744091335096, 1781436653679, 'demo_cat_sport', 'Gym', 3450, 'demo_w_crypto', null, null, null, null),
  ('seed_t_496', 'e2e00000-0000-4000-8000-000000000001', 0, 1708527613146, 1781436653679, 'demo_cat_food_cafe', null, 2390, 'demo_w_credit_rub', null, null, null, null),
  ('seed_t_497', 'e2e00000-0000-4000-8000-000000000001', 0, 1766938169254, 1781436653679, 'demo_cat_entertainment_subs', null, 230, 'demo_w_credit_rub', null, null, null, null),
  ('seed_t_498', 'e2e00000-0000-4000-8000-000000000001', 0, 1715594304309, 1781436653679, 'demo_cat_transport_public', null, 150, 'demo_w_deposit_eur', null, null, null, null),
  ('seed_t_499', 'e2e00000-0000-4000-8000-000000000001', 0, 1719109728024, 1781436653679, 'demo_cat_food_groceries', null, 1970, 'demo_w_cash_rub', null, null, null, null);
insert into public.trns ("id", "userId", "type", "date", "updatedAt", "categoryId", "desc", "amount", "walletId", "expenseAmount", "expenseWalletId", "incomeAmount", "incomeWalletId") values
  ('seed_t_500', 'e2e00000-0000-4000-8000-000000000001', 0, 1741677793582, 1781436653679, 'demo_cat_food_cafe', null, 3600, 'demo_w_credit_rub', null, null, null, null),
  ('seed_t_501', 'e2e00000-0000-4000-8000-000000000001', 0, 1746450466433, 1781436653679, 'demo_cat_food_groceries', null, 2130, 'demo_w_savings', null, null, null, null),
  ('seed_t_502', 'e2e00000-0000-4000-8000-000000000001', 0, 1704388419887, 1781436653679, 'demo_cat_transport_fuel', null, 4200, 'demo_w_debit_rub', null, null, null, null),
  ('seed_t_503', 'e2e00000-0000-4000-8000-000000000001', 0, 1762546216601, 1781436653679, 'demo_cat_food_groceries', null, 2270, 'demo_w_savings', null, null, null, null),
  ('seed_t_504', 'e2e00000-0000-4000-8000-000000000001', 0, 1772340305235, 1781436653679, 'demo_cat_transport_fuel', null, 4800, 'demo_w_credit_rub', null, null, null, null),
  ('seed_t_505', 'e2e00000-0000-4000-8000-000000000001', 0, 1709030017844, 1781436653679, 'demo_cat_transport_fuel', null, 1910, 'demo_w_crypto', null, null, null, null),
  ('seed_t_506', 'e2e00000-0000-4000-8000-000000000001', 0, 1717096923105, 1781436653679, 'demo_cat_food_cafe', null, 3500, 'demo_w_debit_rub', null, null, null, null),
  ('seed_t_507', 'e2e00000-0000-4000-8000-000000000001', 0, 1755929003143, 1781436653679, 'demo_cat_food_groceries', null, 1760, 'demo_w_crypto', null, null, null, null),
  ('seed_t_508', 'e2e00000-0000-4000-8000-000000000001', 0, 1714833122512, 1781436653679, 'demo_cat_transport_fuel', null, 2910, 'demo_w_usd', null, null, null, null),
  ('seed_t_509', 'e2e00000-0000-4000-8000-000000000001', 0, 1777386582034, 1781436653679, 'demo_cat_food_groceries', null, 620, 'demo_w_cash_rub', null, null, null, null),
  ('seed_t_510', 'e2e00000-0000-4000-8000-000000000001', 0, 1706223494131, 1781436653679, 'demo_cat_transport_public', null, 320, 'demo_w_deposit_eur', null, null, null, null),
  ('seed_t_511', 'e2e00000-0000-4000-8000-000000000001', 0, 1749697576969, 1781436653679, 'demo_cat_transport_parking', null, 350, 'demo_w_crypto', null, null, null, null),
  ('seed_t_512', 'e2e00000-0000-4000-8000-000000000001', 0, 1781028641650, 1781436653679, 'demo_cat_travel', null, 19080, 'demo_w_debit_rub', null, null, null, null),
  ('seed_t_513', 'e2e00000-0000-4000-8000-000000000001', 0, 1758162583698, 1781436653679, 'demo_cat_transport_public', null, 200, 'demo_w_cash_rub', null, null, null, null),
  ('seed_t_514', 'e2e00000-0000-4000-8000-000000000001', 0, 1780121739310, 1781436653679, 'demo_cat_home_internet', null, 930, 'demo_w_savings', null, null, null, null),
  ('seed_t_515', 'e2e00000-0000-4000-8000-000000000001', 0, 1715738966566, 1781436653679, 'demo_cat_food_groceries', null, 1970, 'demo_w_usd', null, null, null, null),
  ('seed_t_516', 'e2e00000-0000-4000-8000-000000000001', 0, 1734192675872, 1781436653679, 'demo_cat_food_cafe', null, 2650, 'demo_w_debit_rub', null, null, null, null),
  ('seed_t_517', 'e2e00000-0000-4000-8000-000000000001', 0, 1764101735001, 1781436653679, 'demo_cat_food_groceries', null, 3990, 'demo_w_credit_rub', null, null, null, null),
  ('seed_t_518', 'e2e00000-0000-4000-8000-000000000001', 0, 1733425450134, 1781436653679, 'demo_cat_food_delivery', null, 2870, 'demo_w_credit_rub', null, null, null, null),
  ('seed_t_519', 'e2e00000-0000-4000-8000-000000000001', 0, 1758132486582, 1781436653679, 'demo_cat_clothing', null, 11370, 'demo_w_credit_rub', null, null, null, null),
  ('seed_t_520', 'e2e00000-0000-4000-8000-000000000001', 0, 1745218805451, 1781436653679, 'demo_cat_food_delivery', null, 2340, 'demo_w_debit_rub', null, null, null, null),
  ('seed_t_521', 'e2e00000-0000-4000-8000-000000000001', 0, 1735711373469, 1781436653679, 'demo_cat_transport_public', null, 450, 'demo_w_debit_rub', null, null, null, null),
  ('seed_t_522', 'e2e00000-0000-4000-8000-000000000001', 0, 1781179619141, 1781436653679, 'demo_cat_home_water', null, 580, 'demo_w_savings', null, null, null, null),
  ('seed_t_523', 'e2e00000-0000-4000-8000-000000000001', 0, 1746159505131, 1781436653679, 'demo_cat_food_groceries', null, 2980, 'demo_w_cash_rub', null, null, null, null),
  ('seed_t_524', 'e2e00000-0000-4000-8000-000000000001', 0, 1723011275171, 1781436653679, 'demo_cat_home_rent', null, 53090, 'demo_w_savings', null, null, null, null),
  ('seed_t_525', 'e2e00000-0000-4000-8000-000000000001', 0, 1731822208609, 1781436653679, 'demo_cat_transport_public', null, 190, 'demo_w_credit_rub', null, null, null, null),
  ('seed_t_526', 'e2e00000-0000-4000-8000-000000000001', 0, 1752078842555, 1781436653679, 'demo_cat_sport', 'Gym', 3080, 'demo_w_cash_rub', null, null, null, null),
  ('seed_t_527', 'e2e00000-0000-4000-8000-000000000001', 0, 1765552913076, 1781436653679, 'demo_cat_food_groceries', null, 490, 'demo_w_savings', null, null, null, null),
  ('seed_t_528', 'e2e00000-0000-4000-8000-000000000001', 0, 1744218765864, 1781436653679, 'demo_cat_transport_public', null, 120, 'demo_w_usd', null, null, null, null),
  ('seed_t_529', 'e2e00000-0000-4000-8000-000000000001', 0, 1765949731892, 1781436653679, 'demo_cat_food_groceries', null, 4230, 'demo_w_cash_rub', null, null, null, null),
  ('seed_t_530', 'e2e00000-0000-4000-8000-000000000001', 0, 1728440328667, 1781436653679, 'demo_cat_transport_public', null, 170, 'demo_w_credit_rub', null, null, null, null),
  ('seed_t_531', 'e2e00000-0000-4000-8000-000000000001', 0, 1771095710216, 1781436653679, 'demo_cat_food_groceries', null, 3850, 'demo_w_cash_rub', null, null, null, null),
  ('seed_t_532', 'e2e00000-0000-4000-8000-000000000001', 0, 1714675763319, 1781436653679, 'demo_cat_sport', 'Gym', 3650, 'demo_w_debit_rub', null, null, null, null),
  ('seed_t_533', 'e2e00000-0000-4000-8000-000000000001', 0, 1741721464023, 1781436653679, 'demo_cat_health_doctor', 'Checkup', 6590, 'demo_w_credit_rub', null, null, null, null),
  ('seed_t_534', 'e2e00000-0000-4000-8000-000000000001', 0, 1765233241909, 1781436653679, 'demo_cat_food_delivery', null, 1540, 'demo_w_debit_rub', null, null, null, null),
  ('seed_t_535', 'e2e00000-0000-4000-8000-000000000001', 0, 1765171249438, 1781436653679, 'demo_cat_transport_public', null, 470, 'demo_w_savings', null, null, null, null),
  ('seed_t_536', 'e2e00000-0000-4000-8000-000000000001', 0, 1729535767442, 1781436653679, 'demo_cat_transport_fuel', null, 3940, 'demo_w_credit_rub', null, null, null, null),
  ('seed_t_537', 'e2e00000-0000-4000-8000-000000000001', 0, 1737340045997, 1781436653679, 'demo_cat_home_electricity', null, 2940, 'demo_w_savings', null, null, null, null),
  ('seed_t_538', 'e2e00000-0000-4000-8000-000000000001', 0, 1750126536405, 1781436653679, 'demo_cat_food_delivery', null, 630, 'demo_w_credit_rub', null, null, null, null),
  ('seed_t_539', 'e2e00000-0000-4000-8000-000000000001', 0, 1772286829215, 1781436653679, 'demo_cat_food_groceries', null, 4360, 'demo_w_credit_rub', null, null, null, null),
  ('seed_t_540', 'e2e00000-0000-4000-8000-000000000001', 0, 1756000002379, 1781436653679, 'demo_cat_transport_fuel', null, 4230, 'demo_w_credit_rub', null, null, null, null),
  ('seed_t_541', 'e2e00000-0000-4000-8000-000000000001', 0, 1737893664952, 1781436653679, 'demo_cat_pets', null, 4280, 'demo_w_savings', null, null, null, null),
  ('seed_t_542', 'e2e00000-0000-4000-8000-000000000001', 0, 1763877997087, 1781436653679, 'demo_cat_transport_parking', null, 150, 'demo_w_cash_rub', null, null, null, null),
  ('seed_t_543', 'e2e00000-0000-4000-8000-000000000001', 0, 1770502682140, 1781436653679, 'demo_cat_food_groceries', null, 4510, 'demo_w_crypto', null, null, null, null),
  ('seed_t_544', 'e2e00000-0000-4000-8000-000000000001', 0, 1753557524936, 1781436653679, 'demo_cat_travel', null, 22140, 'demo_w_credit_rub', null, null, null, null),
  ('seed_t_545', 'e2e00000-0000-4000-8000-000000000001', 0, 1733845982528, 1781436653679, 'demo_cat_transport_parking', null, 330, 'demo_w_usd', null, null, null, null),
  ('seed_t_546', 'e2e00000-0000-4000-8000-000000000001', 0, 1722879174536, 1781436653679, 'demo_cat_food_delivery', null, 2070, 'demo_w_debit_rub', null, null, null, null),
  ('seed_t_547', 'e2e00000-0000-4000-8000-000000000001', 0, 1751025605710, 1781436653679, 'demo_cat_food_cafe', null, 2170, 'demo_w_credit_rub', null, null, null, null),
  ('seed_t_548', 'e2e00000-0000-4000-8000-000000000001', 0, 1760022486392, 1781436653679, 'demo_cat_sport', 'Gym', 3520, 'demo_w_savings', null, null, null, null),
  ('seed_t_549', 'e2e00000-0000-4000-8000-000000000001', 0, 1733716484056, 1781436653679, 'demo_cat_travel', null, 15950, 'demo_w_credit_rub', null, null, null, null),
  ('seed_t_550', 'e2e00000-0000-4000-8000-000000000001', 0, 1710908234628, 1781436653679, 'demo_cat_sport', 'Gym', 4730, 'demo_w_usd', null, null, null, null),
  ('seed_t_551', 'e2e00000-0000-4000-8000-000000000001', 0, 1775513378452, 1781436653679, 'demo_cat_home_water', null, 1230, 'demo_w_savings', null, null, null, null),
  ('seed_t_552', 'e2e00000-0000-4000-8000-000000000001', 0, 1764727661843, 1781436653679, 'demo_cat_travel', null, 30830, 'demo_w_credit_rub', null, null, null, null),
  ('seed_t_553', 'e2e00000-0000-4000-8000-000000000001', 0, 1723285298647, 1781436653679, 'demo_cat_pets', null, 4020, 'demo_w_cash_rub', null, null, null, null),
  ('seed_t_554', 'e2e00000-0000-4000-8000-000000000001', 0, 1751714063960, 1781436653679, 'demo_cat_pets', null, 4160, 'demo_w_credit_rub', null, null, null, null),
  ('seed_t_555', 'e2e00000-0000-4000-8000-000000000001', 0, 1737368268350, 1781436653679, 'demo_cat_sport', 'Gym', 4740, 'demo_w_deposit_eur', null, null, null, null),
  ('seed_t_556', 'e2e00000-0000-4000-8000-000000000001', 0, 1728543897592, 1781436653679, 'demo_cat_food_groceries', null, 4960, 'demo_w_debit_rub', null, null, null, null),
  ('seed_t_557', 'e2e00000-0000-4000-8000-000000000001', 0, 1712068616074, 1781436653679, 'demo_cat_transport_fuel', null, 3970, 'demo_w_credit_rub', null, null, null, null),
  ('seed_t_558', 'e2e00000-0000-4000-8000-000000000001', 0, 1738418593218, 1781436653679, 'demo_cat_home_water', null, 1100, 'demo_w_crypto', null, null, null, null),
  ('seed_t_559', 'e2e00000-0000-4000-8000-000000000001', 0, 1706044362328, 1781436653679, 'demo_cat_food_groceries', null, 680, 'demo_w_cash_rub', null, null, null, null),
  ('seed_t_560', 'e2e00000-0000-4000-8000-000000000001', 0, 1769378705948, 1781436653679, 'demo_cat_food_delivery', null, 1730, 'demo_w_debit_rub', null, null, null, null),
  ('seed_t_561', 'e2e00000-0000-4000-8000-000000000001', 0, 1745480776794, 1781436653679, 'demo_cat_transport_fuel', null, 4330, 'demo_w_cash_rub', null, null, null, null),
  ('seed_t_562', 'e2e00000-0000-4000-8000-000000000001', 0, 1769390038872, 1781436653679, 'demo_cat_food_groceries', null, 1820, 'demo_w_cash_rub', null, null, null, null),
  ('seed_t_563', 'e2e00000-0000-4000-8000-000000000001', 0, 1767553806130, 1781436653679, 'demo_cat_transport_public', null, 420, 'demo_w_usd', null, null, null, null),
  ('seed_t_564', 'e2e00000-0000-4000-8000-000000000001', 0, 1761006398889, 1781436653679, 'demo_cat_clothing', null, 4500, 'demo_w_credit_rub', null, null, null, null),
  ('seed_t_565', 'e2e00000-0000-4000-8000-000000000001', 0, 1762248476535, 1781436653679, 'demo_cat_food_groceries', null, 720, 'demo_w_cash_rub', null, null, null, null),
  ('seed_t_566', 'e2e00000-0000-4000-8000-000000000001', 0, 1711482290882, 1781436653679, 'demo_cat_food_cafe', null, 2320, 'demo_w_debit_rub', null, null, null, null),
  ('seed_t_567', 'e2e00000-0000-4000-8000-000000000001', 0, 1728579531575, 1781436653679, 'demo_cat_entertainment_subs', null, 1120, 'demo_w_credit_rub', null, null, null, null),
  ('seed_t_568', 'e2e00000-0000-4000-8000-000000000001', 0, 1770940774893, 1781436653679, 'demo_cat_food_delivery', null, 1340, 'demo_w_credit_rub', null, null, null, null),
  ('seed_t_569', 'e2e00000-0000-4000-8000-000000000001', 0, 1723820991436, 1781436653679, 'demo_cat_food_groceries', null, 2090, 'demo_w_usd', null, null, null, null),
  ('seed_t_570', 'e2e00000-0000-4000-8000-000000000001', 0, 1766796448382, 1781436653679, 'demo_cat_travel', null, 13230, 'demo_w_credit_rub', null, null, null, null),
  ('seed_t_571', 'e2e00000-0000-4000-8000-000000000001', 0, 1748604127408, 1781436653679, 'demo_cat_health_doctor', 'Checkup', 5820, 'demo_w_debit_rub', null, null, null, null),
  ('seed_t_572', 'e2e00000-0000-4000-8000-000000000001', 0, 1745302352206, 1781436653679, 'demo_cat_entertainment_subs', null, 260, 'demo_w_credit_rub', null, null, null, null),
  ('seed_t_573', 'e2e00000-0000-4000-8000-000000000001', 0, 1756532761124, 1781436653679, 'demo_cat_health_pharmacy', null, 1370, 'demo_w_credit_rub', null, null, null, null),
  ('seed_t_574', 'e2e00000-0000-4000-8000-000000000001', 0, 1774769469288, 1781436653679, 'demo_cat_home_internet', null, 1000, 'demo_w_crypto', null, null, null, null),
  ('seed_t_575', 'e2e00000-0000-4000-8000-000000000001', 0, 1754076087557, 1781436653679, 'demo_cat_family', null, 6420, 'demo_w_crypto', null, null, null, null),
  ('seed_t_576', 'e2e00000-0000-4000-8000-000000000001', 0, 1778894075358, 1781436653679, 'demo_cat_food_delivery', null, 1500, 'demo_w_debit_rub', null, null, null, null),
  ('seed_t_577', 'e2e00000-0000-4000-8000-000000000001', 0, 1727454807068, 1781436653679, 'demo_cat_clothing', null, 9370, 'demo_w_debit_rub', null, null, null, null),
  ('seed_t_578', 'e2e00000-0000-4000-8000-000000000001', 0, 1745446858218, 1781436653679, 'demo_cat_food_groceries', null, 4640, 'demo_w_deposit_eur', null, null, null, null),
  ('seed_t_579', 'e2e00000-0000-4000-8000-000000000001', 0, 1709097858321, 1781436653679, 'demo_cat_food_cafe', null, 1870, 'demo_w_credit_rub', null, null, null, null),
  ('seed_t_580', 'e2e00000-0000-4000-8000-000000000001', 0, 1707010409351, 1781436653679, 'demo_cat_food_cafe', null, 3760, 'demo_w_debit_rub', null, null, null, null),
  ('seed_t_581', 'e2e00000-0000-4000-8000-000000000001', 0, 1735109096426, 1781436653679, 'demo_cat_transport_parking', null, 180, 'demo_w_savings', null, null, null, null),
  ('seed_t_582', 'e2e00000-0000-4000-8000-000000000001', 0, 1737909122381, 1781436653679, 'demo_cat_entertainment_subs', null, 610, 'demo_w_credit_rub', null, null, null, null),
  ('seed_t_583', 'e2e00000-0000-4000-8000-000000000001', 0, 1722140237279, 1781436653679, 'demo_cat_food_groceries', null, 1480, 'demo_w_cash_rub', null, null, null, null),
  ('seed_t_584', 'e2e00000-0000-4000-8000-000000000001', 0, 1768762110657, 1781436653679, 'demo_cat_home_rent', null, 49430, 'demo_w_debit_rub', null, null, null, null),
  ('seed_t_585', 'e2e00000-0000-4000-8000-000000000001', 0, 1754894627001, 1781436653679, 'demo_cat_food_cafe', null, 3610, 'demo_w_debit_rub', null, null, null, null),
  ('seed_t_586', 'e2e00000-0000-4000-8000-000000000001', 0, 1715835923997, 1781436653679, 'demo_cat_transport_public', null, 400, 'demo_w_crypto', null, null, null, null),
  ('seed_t_587', 'e2e00000-0000-4000-8000-000000000001', 0, 1761965750437, 1781436653679, 'demo_cat_transport_public', null, 180, 'demo_w_cash_rub', null, null, null, null),
  ('seed_t_588', 'e2e00000-0000-4000-8000-000000000001', 0, 1734528653609, 1781436653679, 'demo_cat_transport_public', null, 330, 'demo_w_crypto', null, null, null, null),
  ('seed_t_589', 'e2e00000-0000-4000-8000-000000000001', 0, 1773547798854, 1781436653679, 'demo_cat_health_doctor', 'Checkup', 5580, 'demo_w_debit_rub', null, null, null, null),
  ('seed_t_590', 'e2e00000-0000-4000-8000-000000000001', 0, 1780607578948, 1781436653679, 'demo_cat_food_groceries', null, 2740, 'demo_w_credit_rub', null, null, null, null),
  ('seed_t_591', 'e2e00000-0000-4000-8000-000000000001', 0, 1779460430487, 1781436653679, 'demo_cat_health_doctor', 'Checkup', 7840, 'demo_w_savings', null, null, null, null),
  ('seed_t_592', 'e2e00000-0000-4000-8000-000000000001', 0, 1743808628917, 1781436653679, 'demo_cat_transport_fuel', null, 3010, 'demo_w_deposit_eur', null, null, null, null),
  ('seed_t_593', 'e2e00000-0000-4000-8000-000000000001', 0, 1764202597852, 1781436653679, 'demo_cat_food_groceries', null, 2930, 'demo_w_credit_rub', null, null, null, null),
  ('seed_t_594', 'e2e00000-0000-4000-8000-000000000001', 0, 1767881187943, 1781436653679, 'demo_cat_entertainment_hobby', null, 4980, 'demo_w_crypto', null, null, null, null),
  ('seed_t_595', 'e2e00000-0000-4000-8000-000000000001', 0, 1730619079942, 1781436653679, 'demo_cat_transport_parking', null, 380, 'demo_w_savings', null, null, null, null),
  ('seed_t_596', 'e2e00000-0000-4000-8000-000000000001', 0, 1775103301412, 1781436653679, 'demo_cat_transport_fuel', null, 2170, 'demo_w_cash_rub', null, null, null, null),
  ('seed_t_597', 'e2e00000-0000-4000-8000-000000000001', 0, 1733153637132, 1781436653679, 'demo_cat_entertainment_subs', null, 1220, 'demo_w_credit_rub', null, null, null, null),
  ('seed_t_598', 'e2e00000-0000-4000-8000-000000000001', 0, 1724574888422, 1781436653679, 'demo_cat_food_cafe', null, 1950, 'demo_w_debit_rub', null, null, null, null),
  ('seed_t_599', 'e2e00000-0000-4000-8000-000000000001', 0, 1743479140267, 1781436653679, 'demo_cat_home_rent', null, 54710, 'demo_w_debit_rub', null, null, null, null),
  ('seed_t_600', 'e2e00000-0000-4000-8000-000000000001', 0, 1754989744016, 1781436653679, 'demo_cat_food_groceries', null, 3640, 'demo_w_deposit_eur', null, null, null, null),
  ('seed_t_601', 'e2e00000-0000-4000-8000-000000000001', 0, 1724185942241, 1781436653679, 'demo_cat_transport_public', null, 230, 'demo_w_credit_rub', null, null, null, null),
  ('seed_t_602', 'e2e00000-0000-4000-8000-000000000001', 0, 1710673183478, 1781436653679, 'demo_cat_food_groceries', null, 1830, 'demo_w_cash_rub', null, null, null, null),
  ('seed_t_603', 'e2e00000-0000-4000-8000-000000000001', 0, 1742152719095, 1781436653679, 'demo_cat_home_electricity', null, 2350, 'demo_w_usd', null, null, null, null),
  ('seed_t_604', 'e2e00000-0000-4000-8000-000000000001', 0, 1750793612009, 1781436653679, 'demo_cat_entertainment_subs', null, 940, 'demo_w_credit_rub', null, null, null, null),
  ('seed_t_605', 'e2e00000-0000-4000-8000-000000000001', 0, 1717928581418, 1781436653679, 'demo_cat_home_rent', null, 52260, 'demo_w_deposit_eur', null, null, null, null),
  ('seed_t_606', 'e2e00000-0000-4000-8000-000000000001', 0, 1745568692142, 1781436653679, 'demo_cat_food_groceries', null, 2660, 'demo_w_cash_rub', null, null, null, null),
  ('seed_t_607', 'e2e00000-0000-4000-8000-000000000001', 0, 1770234671510, 1781436653679, 'demo_cat_transport_public', null, 450, 'demo_w_debit_rub', null, null, null, null),
  ('seed_t_608', 'e2e00000-0000-4000-8000-000000000001', 0, 1706498935045, 1781436653679, 'demo_cat_transport_public', null, 350, 'demo_w_deposit_eur', null, null, null, null),
  ('seed_t_609', 'e2e00000-0000-4000-8000-000000000001', 0, 1726309350860, 1781436653679, 'demo_cat_food_groceries', null, 1580, 'demo_w_debit_rub', null, null, null, null),
  ('seed_t_610', 'e2e00000-0000-4000-8000-000000000001', 0, 1781295093964, 1781436653679, 'demo_cat_food_groceries', null, 620, 'demo_w_usd', null, null, null, null),
  ('seed_t_611', 'e2e00000-0000-4000-8000-000000000001', 0, 1716467533578, 1781436653679, 'demo_cat_home_rent', null, 51390, 'demo_w_debit_rub', null, null, null, null),
  ('seed_t_612', 'e2e00000-0000-4000-8000-000000000001', 0, 1751021392672, 1781436653679, 'demo_cat_food_groceries', null, 3530, 'demo_w_usd', null, null, null, null),
  ('seed_t_613', 'e2e00000-0000-4000-8000-000000000001', 0, 1741482397055, 1781436653679, 'demo_cat_clothing', null, 13680, 'demo_w_credit_rub', null, null, null, null),
  ('seed_t_614', 'e2e00000-0000-4000-8000-000000000001', 0, 1729832169291, 1781436653679, 'demo_cat_clothing', null, 3140, 'demo_w_credit_rub', null, null, null, null),
  ('seed_t_615', 'e2e00000-0000-4000-8000-000000000001', 0, 1721104243321, 1781436653679, 'demo_cat_health_doctor', 'Checkup', 4370, 'demo_w_debit_rub', null, null, null, null),
  ('seed_t_616', 'e2e00000-0000-4000-8000-000000000001', 0, 1719134138432, 1781436653679, 'demo_cat_sport', 'Gym', 4740, 'demo_w_crypto', null, null, null, null),
  ('seed_t_617', 'e2e00000-0000-4000-8000-000000000001', 0, 1752384954680, 1781436653679, 'demo_cat_transport_fuel', null, 3790, 'demo_w_savings', null, null, null, null),
  ('seed_t_618', 'e2e00000-0000-4000-8000-000000000001', 0, 1729344695692, 1781436653679, 'demo_cat_clothing', null, 4030, 'demo_w_debit_rub', null, null, null, null),
  ('seed_t_619', 'e2e00000-0000-4000-8000-000000000001', 0, 1775260162881, 1781436653679, 'demo_cat_health_pharmacy', null, 2160, 'demo_w_deposit_eur', null, null, null, null),
  ('seed_t_620', 'e2e00000-0000-4000-8000-000000000001', 0, 1748516049214, 1781436653679, 'demo_cat_food_groceries', null, 730, 'demo_w_cash_rub', null, null, null, null),
  ('seed_t_621', 'e2e00000-0000-4000-8000-000000000001', 0, 1735432011349, 1781436653679, 'demo_cat_transport_public', null, 470, 'demo_w_debit_rub', null, null, null, null),
  ('seed_t_622', 'e2e00000-0000-4000-8000-000000000001', 0, 1721800204599, 1781436653679, 'demo_cat_travel', null, 24950, 'demo_w_credit_rub', null, null, null, null),
  ('seed_t_623', 'e2e00000-0000-4000-8000-000000000001', 0, 1765943177743, 1781436653679, 'demo_cat_food_groceries', null, 2670, 'demo_w_cash_rub', null, null, null, null),
  ('seed_t_624', 'e2e00000-0000-4000-8000-000000000001', 0, 1720432638690, 1781436653679, 'demo_cat_food_groceries', null, 630, 'demo_w_deposit_eur', null, null, null, null),
  ('seed_t_625', 'e2e00000-0000-4000-8000-000000000001', 0, 1760651034000, 1781436653679, 'demo_cat_transport_public', null, 430, 'demo_w_usd', null, null, null, null),
  ('seed_t_626', 'e2e00000-0000-4000-8000-000000000001', 0, 1773238838064, 1781436653679, 'demo_cat_pets', null, 3490, 'demo_w_crypto', null, null, null, null),
  ('seed_t_627', 'e2e00000-0000-4000-8000-000000000001', 0, 1709196637959, 1781436653679, 'demo_cat_health_pharmacy', null, 2410, 'demo_w_usd', null, null, null, null),
  ('seed_t_628', 'e2e00000-0000-4000-8000-000000000001', 0, 1757968990666, 1781436653679, 'demo_cat_food_groceries', null, 1310, 'demo_w_debit_rub', null, null, null, null),
  ('seed_t_629', 'e2e00000-0000-4000-8000-000000000001', 0, 1752956100689, 1781436653679, 'demo_cat_food_cafe', null, 2730, 'demo_w_debit_rub', null, null, null, null),
  ('seed_t_630', 'e2e00000-0000-4000-8000-000000000001', 0, 1718052496887, 1781436653679, 'demo_cat_transport_public', null, 390, 'demo_w_credit_rub', null, null, null, null),
  ('seed_t_631', 'e2e00000-0000-4000-8000-000000000001', 0, 1735145587820, 1781436653679, 'demo_cat_food_groceries', null, 2600, 'demo_w_cash_rub', null, null, null, null),
  ('seed_t_632', 'e2e00000-0000-4000-8000-000000000001', 0, 1705985306005, 1781436653679, 'demo_cat_food_groceries', null, 3580, 'demo_w_savings', null, null, null, null),
  ('seed_t_633', 'e2e00000-0000-4000-8000-000000000001', 0, 1755075679111, 1781436653679, 'demo_cat_home_internet', null, 940, 'demo_w_savings', null, null, null, null),
  ('seed_t_634', 'e2e00000-0000-4000-8000-000000000001', 0, 1730334228018, 1781436653679, 'demo_cat_entertainment_subs', null, 900, 'demo_w_credit_rub', null, null, null, null),
  ('seed_t_635', 'e2e00000-0000-4000-8000-000000000001', 0, 1756151198460, 1781436653679, 'demo_cat_transport_fuel', null, 4610, 'demo_w_cash_rub', null, null, null, null),
  ('seed_t_636', 'e2e00000-0000-4000-8000-000000000001', 0, 1778146180824, 1781436653679, 'demo_cat_food_cafe', null, 3390, 'demo_w_debit_rub', null, null, null, null),
  ('seed_t_637', 'e2e00000-0000-4000-8000-000000000001', 0, 1740016301632, 1781436653679, 'demo_cat_transport_fuel', null, 2720, 'demo_w_debit_rub', null, null, null, null),
  ('seed_t_638', 'e2e00000-0000-4000-8000-000000000001', 0, 1777603875954, 1781436653679, 'demo_cat_food_delivery', null, 1300, 'demo_w_debit_rub', null, null, null, null),
  ('seed_t_639', 'e2e00000-0000-4000-8000-000000000001', 0, 1734538852301, 1781436653679, 'demo_cat_transport_public', null, 130, 'demo_w_debit_rub', null, null, null, null),
  ('seed_t_640', 'e2e00000-0000-4000-8000-000000000001', 0, 1761689213674, 1781436653679, 'demo_cat_entertainment_subs', null, 490, 'demo_w_credit_rub', null, null, null, null),
  ('seed_t_641', 'e2e00000-0000-4000-8000-000000000001', 0, 1750360988292, 1781436653679, 'demo_cat_transport_fuel', null, 1530, 'demo_w_credit_rub', null, null, null, null),
  ('seed_t_642', 'e2e00000-0000-4000-8000-000000000001', 0, 1729113107278, 1781436653679, 'demo_cat_food_groceries', null, 2940, 'demo_w_crypto', null, null, null, null),
  ('seed_t_643', 'e2e00000-0000-4000-8000-000000000001', 0, 1762630359462, 1781436653679, 'demo_cat_food_delivery', null, 1740, 'demo_w_debit_rub', null, null, null, null),
  ('seed_t_644', 'e2e00000-0000-4000-8000-000000000001', 0, 1714030162083, 1781436653679, 'demo_cat_food_groceries', null, 1230, 'demo_w_deposit_eur', null, null, null, null),
  ('seed_t_645', 'e2e00000-0000-4000-8000-000000000001', 0, 1764447602981, 1781436653679, 'demo_cat_home_electricity', null, 1320, 'demo_w_crypto', null, null, null, null),
  ('seed_t_646', 'e2e00000-0000-4000-8000-000000000001', 0, 1780276399074, 1781436653679, 'demo_cat_food_cafe', null, 2670, 'demo_w_credit_rub', null, null, null, null),
  ('seed_t_647', 'e2e00000-0000-4000-8000-000000000001', 0, 1746741479269, 1781436653679, 'demo_cat_food_groceries', null, 4900, 'demo_w_credit_rub', null, null, null, null),
  ('seed_t_648', 'e2e00000-0000-4000-8000-000000000001', 0, 1711059417751, 1781436653679, 'demo_cat_clothing', null, 8480, 'demo_w_credit_rub', null, null, null, null),
  ('seed_t_649', 'e2e00000-0000-4000-8000-000000000001', 0, 1743430553801, 1781436653679, 'demo_cat_transport_public', null, 120, 'demo_w_cash_rub', null, null, null, null),
  ('seed_t_650', 'e2e00000-0000-4000-8000-000000000001', 0, 1763551383094, 1781436653679, 'demo_cat_food_delivery', null, 1100, 'demo_w_debit_rub', null, null, null, null),
  ('seed_t_651', 'e2e00000-0000-4000-8000-000000000001', 0, 1736616995027, 1781436653679, 'demo_cat_entertainment_subs', null, 480, 'demo_w_credit_rub', null, null, null, null),
  ('seed_t_652', 'e2e00000-0000-4000-8000-000000000001', 0, 1780479346169, 1781436653679, 'demo_cat_transport_public', null, 140, 'demo_w_cash_rub', null, null, null, null),
  ('seed_t_653', 'e2e00000-0000-4000-8000-000000000001', 0, 1775579044925, 1781436653679, 'demo_cat_clothing', null, 5250, 'demo_w_debit_rub', null, null, null, null),
  ('seed_t_654', 'e2e00000-0000-4000-8000-000000000001', 0, 1766513213571, 1781436653679, 'demo_cat_transport_parking', null, 190, 'demo_w_crypto', null, null, null, null),
  ('seed_t_655', 'e2e00000-0000-4000-8000-000000000001', 0, 1739375940463, 1781436653679, 'demo_cat_family', null, 5610, 'demo_w_debit_rub', null, null, null, null),
  ('seed_t_656', 'e2e00000-0000-4000-8000-000000000001', 0, 1763455022838, 1781436653679, 'demo_cat_transport_public', null, 400, 'demo_w_savings', null, null, null, null),
  ('seed_t_657', 'e2e00000-0000-4000-8000-000000000001', 0, 1768262818223, 1781436653679, 'demo_cat_entertainment_subs', null, 610, 'demo_w_credit_rub', null, null, null, null),
  ('seed_t_658', 'e2e00000-0000-4000-8000-000000000001', 0, 1745516892973, 1781436653679, 'demo_cat_food_delivery', null, 1200, 'demo_w_credit_rub', null, null, null, null),
  ('seed_t_659', 'e2e00000-0000-4000-8000-000000000001', 0, 1757907752934, 1781436653679, 'demo_cat_food_delivery', null, 2400, 'demo_w_credit_rub', null, null, null, null),
  ('seed_t_660', 'e2e00000-0000-4000-8000-000000000001', 0, 1752501435656, 1781436653679, 'demo_cat_transport_parking', null, 310, 'demo_w_debit_rub', null, null, null, null),
  ('seed_t_661', 'e2e00000-0000-4000-8000-000000000001', 0, 1740664472855, 1781436653679, 'demo_cat_food_groceries', null, 2100, 'demo_w_cash_rub', null, null, null, null),
  ('seed_t_662', 'e2e00000-0000-4000-8000-000000000001', 0, 1739791598190, 1781436653679, 'demo_cat_food_groceries', null, 3600, 'demo_w_savings', null, null, null, null),
  ('seed_t_663', 'e2e00000-0000-4000-8000-000000000001', 0, 1714324868400, 1781436653679, 'demo_cat_food_groceries', null, 1410, 'demo_w_cash_rub', null, null, null, null),
  ('seed_t_664', 'e2e00000-0000-4000-8000-000000000001', 0, 1727929187604, 1781436653679, 'demo_cat_transport_parking', null, 400, 'demo_w_crypto', null, null, null, null),
  ('seed_t_665', 'e2e00000-0000-4000-8000-000000000001', 0, 1746483127523, 1781436653679, 'demo_cat_food_delivery', null, 2940, 'demo_w_debit_rub', null, null, null, null),
  ('seed_t_666', 'e2e00000-0000-4000-8000-000000000001', 0, 1705055252180, 1781436653679, 'demo_cat_transport_service', 'Oil change', 5730, 'demo_w_cash_rub', null, null, null, null),
  ('seed_t_667', 'e2e00000-0000-4000-8000-000000000001', 0, 1778953618303, 1781436653679, 'demo_cat_health_pharmacy', null, 1550, 'demo_w_deposit_eur', null, null, null, null),
  ('seed_t_668', 'e2e00000-0000-4000-8000-000000000001', 0, 1757720198387, 1781436653679, 'demo_cat_health_doctor', 'Checkup', 5720, 'demo_w_savings', null, null, null, null),
  ('seed_t_669', 'e2e00000-0000-4000-8000-000000000001', 0, 1740416937557, 1781436653679, 'demo_cat_health_pharmacy', null, 1200, 'demo_w_cash_rub', null, null, null, null),
  ('seed_t_670', 'e2e00000-0000-4000-8000-000000000001', 0, 1751372854998, 1781436653679, 'demo_cat_food_groceries', null, 1770, 'demo_w_savings', null, null, null, null),
  ('seed_t_671', 'e2e00000-0000-4000-8000-000000000001', 0, 1726006482233, 1781436653679, 'demo_cat_food_groceries', null, 1430, 'demo_w_crypto', null, null, null, null),
  ('seed_t_672', 'e2e00000-0000-4000-8000-000000000001', 0, 1722707426563, 1781436653679, 'demo_cat_food_delivery', null, 2840, 'demo_w_debit_rub', null, null, null, null),
  ('seed_t_673', 'e2e00000-0000-4000-8000-000000000001', 0, 1742310731241, 1781436653679, 'demo_cat_food_delivery', null, 1420, 'demo_w_debit_rub', null, null, null, null),
  ('seed_t_674', 'e2e00000-0000-4000-8000-000000000001', 0, 1756376060206, 1781436653679, 'demo_cat_transport_parking', null, 250, 'demo_w_cash_rub', null, null, null, null),
  ('seed_t_675', 'e2e00000-0000-4000-8000-000000000001', 0, 1744499631941, 1781436653679, 'demo_cat_entertainment_hobby', null, 2250, 'demo_w_usd', null, null, null, null),
  ('seed_t_676', 'e2e00000-0000-4000-8000-000000000001', 0, 1765408517733, 1781436653679, 'demo_cat_food_groceries', null, 1480, 'demo_w_crypto', null, null, null, null),
  ('seed_t_677', 'e2e00000-0000-4000-8000-000000000001', 0, 1715534961312, 1781436653679, 'demo_cat_transport_parking', null, 150, 'demo_w_deposit_eur', null, null, null, null),
  ('seed_t_678', 'e2e00000-0000-4000-8000-000000000001', 0, 1744214927184, 1781436653679, 'demo_cat_sport', 'Gym', 2910, 'demo_w_cash_rub', null, null, null, null),
  ('seed_t_679', 'e2e00000-0000-4000-8000-000000000001', 0, 1745161287253, 1781436653679, 'demo_cat_food_groceries', null, 2650, 'demo_w_crypto', null, null, null, null),
  ('seed_t_680', 'e2e00000-0000-4000-8000-000000000001', 0, 1716845430418, 1781436653679, 'demo_cat_entertainment_subs', null, 400, 'demo_w_credit_rub', null, null, null, null),
  ('seed_t_681', 'e2e00000-0000-4000-8000-000000000001', 0, 1769160971841, 1781436653679, 'demo_cat_food_cafe', null, 590, 'demo_w_debit_rub', null, null, null, null),
  ('seed_t_682', 'e2e00000-0000-4000-8000-000000000001', 0, 1760075247368, 1781436653679, 'demo_cat_clothing', null, 5810, 'demo_w_credit_rub', null, null, null, null),
  ('seed_t_683', 'e2e00000-0000-4000-8000-000000000001', 0, 1722351141983, 1781436653679, 'demo_cat_home_rent', null, 49990, 'demo_w_crypto', null, null, null, null),
  ('seed_t_684', 'e2e00000-0000-4000-8000-000000000001', 0, 1752016523831, 1781436653679, 'demo_cat_home_internet', null, 970, 'demo_w_credit_rub', null, null, null, null),
  ('seed_t_685', 'e2e00000-0000-4000-8000-000000000001', 0, 1747709218542, 1781436653679, 'demo_cat_food_delivery', null, 2620, 'demo_w_debit_rub', null, null, null, null),
  ('seed_t_686', 'e2e00000-0000-4000-8000-000000000001', 0, 1777348718030, 1781436653679, 'demo_cat_food_cafe', null, 3260, 'demo_w_credit_rub', null, null, null, null),
  ('seed_t_687', 'e2e00000-0000-4000-8000-000000000001', 0, 1736585377506, 1781436653679, 'demo_cat_transport_public', null, 480, 'demo_w_savings', null, null, null, null),
  ('seed_t_688', 'e2e00000-0000-4000-8000-000000000001', 0, 1715770385103, 1781436653679, 'demo_cat_food_delivery', null, 750, 'demo_w_credit_rub', null, null, null, null),
  ('seed_t_689', 'e2e00000-0000-4000-8000-000000000001', 0, 1761115155559, 1781436653679, 'demo_cat_transport_fuel', null, 4500, 'demo_w_debit_rub', null, null, null, null),
  ('seed_t_690', 'e2e00000-0000-4000-8000-000000000001', 0, 1717151356231, 1781436653679, 'demo_cat_food_groceries', null, 2000, 'demo_w_credit_rub', null, null, null, null),
  ('seed_t_691', 'e2e00000-0000-4000-8000-000000000001', 0, 1741390957003, 1781436653679, 'demo_cat_food_groceries', null, 4300, 'demo_w_savings', null, null, null, null),
  ('seed_t_692', 'e2e00000-0000-4000-8000-000000000001', 0, 1755115449541, 1781436653679, 'demo_cat_food_groceries', null, 4690, 'demo_w_debit_rub', null, null, null, null),
  ('seed_t_693', 'e2e00000-0000-4000-8000-000000000001', 0, 1754039059152, 1781436653679, 'demo_cat_travel', null, 29920, 'demo_w_debit_rub', null, null, null, null),
  ('seed_t_694', 'e2e00000-0000-4000-8000-000000000001', 0, 1733183459381, 1781436653679, 'demo_cat_transport_parking', null, 120, 'demo_w_crypto', null, null, null, null),
  ('seed_t_695', 'e2e00000-0000-4000-8000-000000000001', 0, 1775637606712, 1781436653679, 'demo_cat_family', null, 7790, 'demo_w_credit_rub', null, null, null, null),
  ('seed_t_696', 'e2e00000-0000-4000-8000-000000000001', 0, 1759685959624, 1781436653679, 'demo_cat_transport_public', null, 350, 'demo_w_cash_rub', null, null, null, null),
  ('seed_t_697', 'e2e00000-0000-4000-8000-000000000001', 0, 1736205038854, 1781436653679, 'demo_cat_transport_fuel', null, 3720, 'demo_w_usd', null, null, null, null),
  ('seed_t_698', 'e2e00000-0000-4000-8000-000000000001', 0, 1706885273181, 1781436653679, 'demo_cat_food_groceries', null, 3620, 'demo_w_cash_rub', null, null, null, null),
  ('seed_t_699', 'e2e00000-0000-4000-8000-000000000001', 0, 1704849159019, 1781436653679, 'demo_cat_education', null, 9120, 'demo_w_deposit_eur', null, null, null, null),
  ('seed_t_700', 'e2e00000-0000-4000-8000-000000000001', 0, 1714060792548, 1781436653679, 'demo_cat_transport_service', 'Tire change', 9060, 'demo_w_debit_rub', null, null, null, null),
  ('seed_t_701', 'e2e00000-0000-4000-8000-000000000001', 0, 1745356617111, 1781436653679, 'demo_cat_transport_service', 'Tire change', 10420, 'demo_w_deposit_eur', null, null, null, null),
  ('seed_t_702', 'e2e00000-0000-4000-8000-000000000001', 0, 1729929401376, 1781436653679, 'demo_cat_health_doctor', 'Dental cleaning', 6900, 'demo_w_cash_rub', null, null, null, null),
  ('seed_t_703', 'e2e00000-0000-4000-8000-000000000001', 0, 1745002291790, 1781436653679, 'demo_cat_health_doctor', 'Dental cleaning', 5200, 'demo_w_savings', null, null, null, null),
  ('seed_t_704', 'e2e00000-0000-4000-8000-000000000001', 0, 1732113438136, 1781436653679, 'demo_cat_clothing', 'Winter jacket', 9380, 'demo_w_credit_rub', null, null, null, null),
  ('seed_t_705', 'e2e00000-0000-4000-8000-000000000001', 0, 1762795779717, 1781436653679, 'demo_cat_clothing', 'Winter jacket', 9640, 'demo_w_credit_rub', null, null, null, null),
  ('seed_t_706', 'e2e00000-0000-4000-8000-000000000001', 0, 1715968302602, 1781436653679, 'demo_cat_gifts', 'Birthday gift', 5140, 'demo_w_crypto', null, null, null, null),
  ('seed_t_707', 'e2e00000-0000-4000-8000-000000000001', 0, 1747481916643, 1781436653679, 'demo_cat_gifts', 'Birthday gift', 7680, 'demo_w_savings', null, null, null, null),
  ('seed_t_708', 'e2e00000-0000-4000-8000-000000000001', 0, 1779633438800, 1781436653679, 'demo_cat_gifts', 'Birthday gift', 5090, 'demo_w_savings', null, null, null, null),
  ('seed_t_709', 'e2e00000-0000-4000-8000-000000000001', 0, 1734636368479, 1781436653679, 'demo_cat_gifts', 'New Year gifts', 13920, 'demo_w_credit_rub', null, null, null, null),
  ('seed_t_710', 'e2e00000-0000-4000-8000-000000000001', 0, 1765976313934, 1781436653679, 'demo_cat_gifts', 'New Year gifts', 10770, 'demo_w_credit_rub', null, null, null, null),
  ('seed_t_711', 'e2e00000-0000-4000-8000-000000000001', 0, 1727089819594, 1781436653679, 'demo_cat_education', 'Online course', 4410, 'demo_w_cash_rub', null, null, null, null),
  ('seed_t_712', 'e2e00000-0000-4000-8000-000000000001', 0, 1757425219979, 1781436653679, 'demo_cat_education', 'Online course', 10530, 'demo_w_crypto', null, null, null, null),
  ('seed_t_713', 'e2e00000-0000-4000-8000-000000000001', 0, 1718496416330, 1781436653679, 'demo_cat_entertainment_hobby', 'Concert tickets', 8110, 'demo_w_credit_rub', null, null, null, null),
  ('seed_t_714', 'e2e00000-0000-4000-8000-000000000001', 0, 1752494271162, 1781436653679, 'demo_cat_entertainment_hobby', 'Concert tickets', 7890, 'demo_w_debit_rub', null, null, null, null),
  ('seed_t_715', 'e2e00000-0000-4000-8000-000000000001', 0, 1780482542484, 1781436653679, 'demo_cat_entertainment_hobby', 'Concert tickets', 9170, 'demo_w_debit_rub', null, null, null, null),
  ('seed_t_716', 'e2e00000-0000-4000-8000-000000000001', 1, 1704522824606, 1781436653679, 'demo_cat_salary', 'Salary', 130070, 'demo_w_debit_rub', null, null, null, null),
  ('seed_t_717', 'e2e00000-0000-4000-8000-000000000001', 1, 1707142743174, 1781436653679, 'demo_cat_salary', 'Salary', 153350, 'demo_w_debit_rub', null, null, null, null),
  ('seed_t_718', 'e2e00000-0000-4000-8000-000000000001', 1, 1709605776085, 1781436653679, 'demo_cat_salary', 'Salary', 138980, 'demo_w_debit_rub', null, null, null, null),
  ('seed_t_719', 'e2e00000-0000-4000-8000-000000000001', 1, 1712377537307, 1781436653679, 'demo_cat_salary', 'Salary', 141180, 'demo_w_debit_rub', null, null, null, null),
  ('seed_t_720', 'e2e00000-0000-4000-8000-000000000001', 1, 1714873731083, 1781436653679, 'demo_cat_salary', 'Salary', 145090, 'demo_w_debit_rub', null, null, null, null),
  ('seed_t_721', 'e2e00000-0000-4000-8000-000000000001', 1, 1717696271301, 1781436653679, 'demo_cat_salary', 'Salary', 139520, 'demo_w_debit_rub', null, null, null, null),
  ('seed_t_722', 'e2e00000-0000-4000-8000-000000000001', 1, 1720184547229, 1781436653679, 'demo_cat_salary', 'Salary', 157800, 'demo_w_debit_rub', null, null, null, null),
  ('seed_t_723', 'e2e00000-0000-4000-8000-000000000001', 1, 1722941269904, 1781436653679, 'demo_cat_salary', 'Salary', 142570, 'demo_w_debit_rub', null, null, null, null),
  ('seed_t_724', 'e2e00000-0000-4000-8000-000000000001', 1, 1725537218544, 1781436653679, 'demo_cat_salary', 'Salary', 145170, 'demo_w_debit_rub', null, null, null, null),
  ('seed_t_725', 'e2e00000-0000-4000-8000-000000000001', 1, 1728181684642, 1781436653679, 'demo_cat_salary', 'Salary', 146090, 'demo_w_debit_rub', null, null, null, null),
  ('seed_t_726', 'e2e00000-0000-4000-8000-000000000001', 1, 1730808681404, 1781436653679, 'demo_cat_salary', 'Salary', 132010, 'demo_w_debit_rub', null, null, null, null),
  ('seed_t_727', 'e2e00000-0000-4000-8000-000000000001', 1, 1733455967136, 1781436653679, 'demo_cat_salary', 'Salary', 148860, 'demo_w_debit_rub', null, null, null, null),
  ('seed_t_728', 'e2e00000-0000-4000-8000-000000000001', 1, 1736060063891, 1781436653679, 'demo_cat_salary', 'Salary', 195740, 'demo_w_debit_rub', null, null, null, null),
  ('seed_t_729', 'e2e00000-0000-4000-8000-000000000001', 1, 1738753145925, 1781436653679, 'demo_cat_salary', 'Salary', 179870, 'demo_w_debit_rub', null, null, null, null),
  ('seed_t_730', 'e2e00000-0000-4000-8000-000000000001', 1, 1741164523884, 1781436653679, 'demo_cat_salary', 'Salary', 189580, 'demo_w_debit_rub', null, null, null, null),
  ('seed_t_731', 'e2e00000-0000-4000-8000-000000000001', 1, 1743946392549, 1781436653679, 'demo_cat_salary', 'Salary', 189010, 'demo_w_debit_rub', null, null, null, null),
  ('seed_t_732', 'e2e00000-0000-4000-8000-000000000001', 1, 1746478213094, 1781436653679, 'demo_cat_salary', 'Salary', 183780, 'demo_w_debit_rub', null, null, null, null),
  ('seed_t_733', 'e2e00000-0000-4000-8000-000000000001', 1, 1749124368966, 1781436653679, 'demo_cat_salary', 'Salary', 193100, 'demo_w_debit_rub', null, null, null, null),
  ('seed_t_734', 'e2e00000-0000-4000-8000-000000000001', 1, 1751803316162, 1781436653679, 'demo_cat_salary', 'Salary', 199770, 'demo_w_debit_rub', null, null, null, null),
  ('seed_t_735', 'e2e00000-0000-4000-8000-000000000001', 1, 1754407273984, 1781436653679, 'demo_cat_salary', 'Salary', 190710, 'demo_w_debit_rub', null, null, null, null),
  ('seed_t_736', 'e2e00000-0000-4000-8000-000000000001', 1, 1757157922029, 1781436653679, 'demo_cat_salary', 'Salary', 188490, 'demo_w_debit_rub', null, null, null, null),
  ('seed_t_737', 'e2e00000-0000-4000-8000-000000000001', 1, 1759774539313, 1781436653679, 'demo_cat_salary', 'Salary', 197360, 'demo_w_debit_rub', null, null, null, null),
  ('seed_t_738', 'e2e00000-0000-4000-8000-000000000001', 1, 1762451612010, 1781436653679, 'demo_cat_salary', 'Salary', 187460, 'demo_w_debit_rub', null, null, null, null),
  ('seed_t_739', 'e2e00000-0000-4000-8000-000000000001', 1, 1764964070741, 1781436653679, 'demo_cat_salary', 'Salary', 182280, 'demo_w_debit_rub', null, null, null, null),
  ('seed_t_740', 'e2e00000-0000-4000-8000-000000000001', 1, 1767594228788, 1781436653679, 'demo_cat_salary', 'Salary', 182830, 'demo_w_debit_rub', null, null, null, null),
  ('seed_t_741', 'e2e00000-0000-4000-8000-000000000001', 1, 1770261095230, 1781436653679, 'demo_cat_salary', 'Salary', 184840, 'demo_w_debit_rub', null, null, null, null),
  ('seed_t_742', 'e2e00000-0000-4000-8000-000000000001', 1, 1772773123893, 1781436653679, 'demo_cat_salary', 'Salary', 179610, 'demo_w_debit_rub', null, null, null, null),
  ('seed_t_743', 'e2e00000-0000-4000-8000-000000000001', 1, 1775492430567, 1781436653679, 'demo_cat_salary', 'Salary', 176920, 'demo_w_debit_rub', null, null, null, null),
  ('seed_t_744', 'e2e00000-0000-4000-8000-000000000001', 1, 1778076470988, 1781436653679, 'demo_cat_salary', 'Salary', 190010, 'demo_w_debit_rub', null, null, null, null),
  ('seed_t_745', 'e2e00000-0000-4000-8000-000000000001', 1, 1780723376036, 1781436653679, 'demo_cat_salary', 'Salary', 173670, 'demo_w_debit_rub', null, null, null, null),
  ('seed_t_746', 'e2e00000-0000-4000-8000-000000000001', 1, 1758291726722, 1781436653679, 'demo_cat_freelance', null, 32060, 'demo_w_cash_rub', null, null, null, null),
  ('seed_t_747', 'e2e00000-0000-4000-8000-000000000001', 1, 1726207052073, 1781436653679, 'demo_cat_freelance', null, 49940, 'demo_w_debit_rub', null, null, null, null),
  ('seed_t_748', 'e2e00000-0000-4000-8000-000000000001', 1, 1779068132965, 1781436653679, 'demo_cat_cashback', null, 870, 'demo_w_credit_rub', null, null, null, null),
  ('seed_t_749', 'e2e00000-0000-4000-8000-000000000001', 1, 1739223891186, 1781436653679, 'demo_cat_freelance', null, 41800, 'demo_w_savings', null, null, null, null),
  ('seed_t_750', 'e2e00000-0000-4000-8000-000000000001', 1, 1764659883428, 1781436653679, 'demo_cat_cashback', null, 2340, 'demo_w_debit_rub', null, null, null, null),
  ('seed_t_751', 'e2e00000-0000-4000-8000-000000000001', 1, 1717451481767, 1781436653679, 'demo_cat_cashback', null, 2660, 'demo_w_debit_rub', null, null, null, null),
  ('seed_t_752', 'e2e00000-0000-4000-8000-000000000001', 1, 1704931738114, 1781436653679, 'demo_cat_freelance', null, 30400, 'demo_w_deposit_eur', null, null, null, null),
  ('seed_t_753', 'e2e00000-0000-4000-8000-000000000001', 1, 1721409692408, 1781436653679, 'demo_cat_investments', 'Dividends', 12150, 'demo_w_crypto', null, null, null, null),
  ('seed_t_754', 'e2e00000-0000-4000-8000-000000000001', 1, 1740993383951, 1781436653679, 'demo_cat_cashback', null, 2100, 'demo_w_debit_rub', null, null, null, null),
  ('seed_t_755', 'e2e00000-0000-4000-8000-000000000001', 1, 1770852989938, 1781436653679, 'demo_cat_freelance', null, 54110, 'demo_w_credit_rub', null, null, null, null),
  ('seed_t_756', 'e2e00000-0000-4000-8000-000000000001', 1, 1736241029631, 1781436653679, 'demo_cat_cashback', null, 1330, 'demo_w_debit_rub', null, null, null, null),
  ('seed_t_757', 'e2e00000-0000-4000-8000-000000000001', 1, 1760173808513, 1781436653679, 'demo_cat_cashback', null, 1660, 'demo_w_credit_rub', null, null, null, null),
  ('seed_t_758', 'e2e00000-0000-4000-8000-000000000001', 1, 1741979528121, 1781436653679, 'demo_cat_freelance', null, 11140, 'demo_w_savings', null, null, null, null),
  ('seed_t_759', 'e2e00000-0000-4000-8000-000000000001', 1, 1745302864468, 1781436653679, 'demo_cat_investments', 'Dividends', 21950, 'demo_w_usd', null, null, null, null),
  ('seed_t_760', 'e2e00000-0000-4000-8000-000000000001', 1, 1714252238537, 1781436653679, 'demo_cat_cashback', null, 2620, 'demo_w_credit_rub', null, null, null, null),
  ('seed_t_761', 'e2e00000-0000-4000-8000-000000000001', 1, 1752320358531, 1781436653679, 'demo_cat_freelance', null, 56660, 'demo_w_credit_rub', null, null, null, null),
  ('seed_t_762', 'e2e00000-0000-4000-8000-000000000001', 1, 1753952873327, 1781436653679, 'demo_cat_cashback', null, 2540, 'demo_w_credit_rub', null, null, null, null),
  ('seed_t_763', 'e2e00000-0000-4000-8000-000000000001', 1, 1749679778723, 1781436653679, 'demo_cat_cashback', null, 2310, 'demo_w_credit_rub', null, null, null, null),
  ('seed_t_764', 'e2e00000-0000-4000-8000-000000000001', 1, 1706937692105, 1781436653679, 'demo_cat_investments', 'Dividends', 29490, 'demo_w_crypto', null, null, null, null),
  ('seed_t_765', 'e2e00000-0000-4000-8000-000000000001', 1, 1761127053827, 1781436653679, 'demo_cat_cashback', null, 2990, 'demo_w_credit_rub', null, null, null, null),
  ('seed_t_766', 'e2e00000-0000-4000-8000-000000000001', 1, 1723770682034, 1781436653679, 'demo_cat_cashback', null, 1290, 'demo_w_credit_rub', null, null, null, null),
  ('seed_t_767', 'e2e00000-0000-4000-8000-000000000001', 1, 1734226122294, 1781436653679, 'demo_cat_freelance', null, 16930, 'demo_w_cash_rub', null, null, null, null),
  ('seed_t_768', 'e2e00000-0000-4000-8000-000000000001', 1, 1766031083561, 1781436653679, 'demo_cat_cashback', null, 1460, 'demo_w_debit_rub', null, null, null, null),
  ('seed_t_769', 'e2e00000-0000-4000-8000-000000000001', 1, 1773014489300, 1781436653679, 'demo_cat_freelance', null, 43820, 'demo_w_credit_rub', null, null, null, null),
  ('seed_t_770', 'e2e00000-0000-4000-8000-000000000001', 1, 1778159642436, 1781436653679, 'demo_cat_cashback', null, 220, 'demo_w_debit_rub', null, null, null, null),
  ('seed_t_771', 'e2e00000-0000-4000-8000-000000000001', 1, 1725753991439, 1781436653679, 'demo_cat_cashback', null, 2500, 'demo_w_debit_rub', null, null, null, null),
  ('seed_t_772', 'e2e00000-0000-4000-8000-000000000001', 1, 1740165925983, 1781436653679, 'demo_cat_investments', 'Dividends', 16550, 'demo_w_crypto', null, null, null, null),
  ('seed_t_773', 'e2e00000-0000-4000-8000-000000000001', 1, 1710326784196, 1781436653679, 'demo_cat_freelance', null, 32410, 'demo_w_crypto', null, null, null, null),
  ('seed_t_774', 'e2e00000-0000-4000-8000-000000000001', 1, 1731469601914, 1781436653679, 'demo_cat_investments', 'Dividends', 25460, 'demo_w_crypto', null, null, null, null),
  ('seed_t_775', 'e2e00000-0000-4000-8000-000000000001', 1, 1749254684919, 1781436653679, 'demo_cat_cashback', null, 1600, 'demo_w_debit_rub', null, null, null, null),
  ('seed_t_776', 'e2e00000-0000-4000-8000-000000000001', 1, 1753560699071, 1781436653679, 'demo_cat_cashback', null, 1720, 'demo_w_credit_rub', null, null, null, null),
  ('seed_t_777', 'e2e00000-0000-4000-8000-000000000001', 1, 1745621314321, 1781436653679, 'demo_cat_freelance', null, 25400, 'demo_w_usd', null, null, null, null),
  ('seed_t_778', 'e2e00000-0000-4000-8000-000000000001', 1, 1778462294899, 1781436653679, 'demo_cat_cashback', null, 480, 'demo_w_debit_rub', null, null, null, null),
  ('seed_t_779', 'e2e00000-0000-4000-8000-000000000001', 1, 1722696661492, 1781436653679, 'demo_cat_freelance', null, 48940, 'demo_w_crypto', null, null, null, null),
  ('seed_t_780', 'e2e00000-0000-4000-8000-000000000001', 1, 1735351629189, 1781436653679, 'demo_cat_cashback', null, 230, 'demo_w_debit_rub', null, null, null, null),
  ('seed_t_781', 'e2e00000-0000-4000-8000-000000000001', 1, 1742659703453, 1781436653679, 'demo_cat_cashback', null, 2990, 'demo_w_credit_rub', null, null, null, null),
  ('seed_t_782', 'e2e00000-0000-4000-8000-000000000001', 1, 1738906270287, 1781436653679, 'demo_cat_cashback', null, 1730, 'demo_w_credit_rub', null, null, null, null),
  ('seed_t_783', 'e2e00000-0000-4000-8000-000000000001', 1, 1755765556189, 1781436653679, 'demo_cat_freelance', null, 32240, 'demo_w_credit_rub', null, null, null, null),
  ('seed_t_784', 'e2e00000-0000-4000-8000-000000000001', 1, 1758940444092, 1781436653679, 'demo_cat_freelance', null, 27690, 'demo_w_savings', null, null, null, null),
  ('seed_t_785', 'e2e00000-0000-4000-8000-000000000001', 1, 1722818354879, 1781436653679, 'demo_cat_cashback', null, 2340, 'demo_w_debit_rub', null, null, null, null),
  ('seed_t_786', 'e2e00000-0000-4000-8000-000000000001', 1, 1766574656686, 1781436653679, 'demo_cat_cashback', null, 1800, 'demo_w_credit_rub', null, null, null, null),
  ('seed_t_787', 'e2e00000-0000-4000-8000-000000000001', 1, 1773140500794, 1781436653679, 'demo_cat_cashback', null, 640, 'demo_w_credit_rub', null, null, null, null),
  ('seed_t_788', 'e2e00000-0000-4000-8000-000000000001', 1, 1734253046329, 1781436653679, 'demo_cat_freelance', null, 24800, 'demo_w_crypto', null, null, null, null),
  ('seed_t_789', 'e2e00000-0000-4000-8000-000000000001', 1, 1773215492855, 1781436653679, 'demo_cat_cashback', null, 680, 'demo_w_credit_rub', null, null, null, null),
  ('seed_t_790', 'e2e00000-0000-4000-8000-000000000001', 1, 1714382071124, 1781436653679, 'demo_cat_cashback', null, 2060, 'demo_w_credit_rub', null, null, null, null),
  ('seed_t_791', 'e2e00000-0000-4000-8000-000000000001', 1, 1723922368249, 1781436653679, 'demo_cat_freelance', null, 32110, 'demo_w_crypto', null, null, null, null),
  ('seed_t_792', 'e2e00000-0000-4000-8000-000000000001', 1, 1729578684788, 1781436653679, 'demo_cat_cashback', null, 370, 'demo_w_credit_rub', null, null, null, null),
  ('seed_t_793', 'e2e00000-0000-4000-8000-000000000001', 1, 1759467838490, 1781436653679, 'demo_cat_freelance', null, 41170, 'demo_w_savings', null, null, null, null),
  ('seed_t_794', 'e2e00000-0000-4000-8000-000000000001', 1, 1755788450600, 1781436653679, 'demo_cat_cashback', null, 1350, 'demo_w_debit_rub', null, null, null, null),
  ('seed_t_795', 'e2e00000-0000-4000-8000-000000000001', 1, 1764795714859, 1781436653679, 'demo_cat_cashback', null, 1430, 'demo_w_debit_rub', null, null, null, null),
  ('seed_t_796', 'e2e00000-0000-4000-8000-000000000001', 1, 1765583181110, 1781436653679, 'demo_cat_freelance', null, 48710, 'demo_w_deposit_eur', null, null, null, null),
  ('seed_t_797', 'e2e00000-0000-4000-8000-000000000001', 2, 1756707996807, 1781436653679, 'transfer', 'ATM withdrawal', null, null, 15930, 'demo_w_debit_rub', 15930, 'demo_w_cash_rub'),
  ('seed_t_798', 'e2e00000-0000-4000-8000-000000000001', 2, 1749895259421, 1781436653679, 'transfer', 'Monthly savings', null, null, 9750, 'demo_w_debit_rub', 100, 'demo_w_savings'),
  ('seed_t_799', 'e2e00000-0000-4000-8000-000000000001', 2, 1744828789217, 1781436653679, 'transfer', 'Monthly savings', null, null, 42880, 'demo_w_debit_rub', 440, 'demo_w_savings'),
  ('seed_t_800', 'e2e00000-0000-4000-8000-000000000001', 2, 1713703472966, 1781436653679, 'transfer', 'Buy crypto', null, null, 180, 'demo_w_usd', 180, 'demo_w_crypto'),
  ('seed_t_801', 'e2e00000-0000-4000-8000-000000000001', 2, 1766791488298, 1781436653679, 'transfer', 'Credit repayment', null, null, 28630, 'demo_w_debit_rub', 28630, 'demo_w_credit_rub'),
  ('seed_t_802', 'e2e00000-0000-4000-8000-000000000001', 2, 1774030339620, 1781436653679, 'transfer', 'ATM withdrawal', null, null, 8740, 'demo_w_debit_rub', 8740, 'demo_w_cash_rub'),
  ('seed_t_803', 'e2e00000-0000-4000-8000-000000000001', 2, 1753930963286, 1781436653679, 'transfer', 'Buy crypto', null, null, 80, 'demo_w_usd', 80, 'demo_w_crypto'),
  ('seed_t_804', 'e2e00000-0000-4000-8000-000000000001', 2, 1708358252587, 1781436653679, 'transfer', 'ATM withdrawal', null, null, 11740, 'demo_w_debit_rub', 11740, 'demo_w_cash_rub'),
  ('seed_t_805', 'e2e00000-0000-4000-8000-000000000001', 2, 1720151680503, 1781436653679, 'transfer', 'Monthly savings', null, null, 41900, 'demo_w_debit_rub', 430, 'demo_w_savings'),
  ('seed_t_806', 'e2e00000-0000-4000-8000-000000000001', 2, 1777867730743, 1781436653679, 'transfer', 'Monthly savings', null, null, 16570, 'demo_w_debit_rub', 170, 'demo_w_savings'),
  ('seed_t_807', 'e2e00000-0000-4000-8000-000000000001', 2, 1724208401238, 1781436653679, 'transfer', 'Top up deposit', null, null, 890, 'demo_w_usd', 820, 'demo_w_deposit_eur'),
  ('seed_t_808', 'e2e00000-0000-4000-8000-000000000001', 2, 1776864558304, 1781436653679, 'transfer', 'Buy crypto', null, null, 310, 'demo_w_usd', 310, 'demo_w_crypto'),
  ('seed_t_809', 'e2e00000-0000-4000-8000-000000000001', 2, 1715662562907, 1781436653679, 'transfer', 'Monthly savings', null, null, 35080, 'demo_w_debit_rub', 360, 'demo_w_savings'),
  ('seed_t_810', 'e2e00000-0000-4000-8000-000000000001', 2, 1757456207497, 1781436653679, 'transfer', 'Credit repayment', null, null, 47490, 'demo_w_debit_rub', 47490, 'demo_w_credit_rub'),
  ('seed_t_811', 'e2e00000-0000-4000-8000-000000000001', 2, 1714674824010, 1781436653679, 'transfer', 'ATM withdrawal', null, null, 3400, 'demo_w_debit_rub', 3400, 'demo_w_cash_rub'),
  ('seed_t_812', 'e2e00000-0000-4000-8000-000000000001', 2, 1715180639310, 1781436653679, 'transfer', 'ATM withdrawal', null, null, 18610, 'demo_w_debit_rub', 18610, 'demo_w_cash_rub'),
  ('seed_t_813', 'e2e00000-0000-4000-8000-000000000001', 2, 1766736741141, 1781436653679, 'transfer', 'Buy crypto', null, null, 360, 'demo_w_usd', 360, 'demo_w_crypto'),
  ('seed_t_814', 'e2e00000-0000-4000-8000-000000000001', 2, 1730494979299, 1781436653679, 'transfer', 'Buy crypto', null, null, 460, 'demo_w_usd', 460, 'demo_w_crypto'),
  ('seed_t_815', 'e2e00000-0000-4000-8000-000000000001', 2, 1728279902641, 1781436653679, 'transfer', 'ATM withdrawal', null, null, 15450, 'demo_w_debit_rub', 15450, 'demo_w_cash_rub'),
  ('seed_t_816', 'e2e00000-0000-4000-8000-000000000001', 2, 1728948897432, 1781436653679, 'transfer', 'Buy crypto', null, null, 480, 'demo_w_usd', 480, 'demo_w_crypto'),
  ('seed_t_817', 'e2e00000-0000-4000-8000-000000000001', 2, 1749203054595, 1781436653679, 'transfer', 'ATM withdrawal', null, null, 5420, 'demo_w_debit_rub', 5420, 'demo_w_cash_rub'),
  ('seed_t_818', 'e2e00000-0000-4000-8000-000000000001', 2, 1716807455445, 1781436653679, 'transfer', 'Top up deposit', null, null, 290, 'demo_w_usd', 270, 'demo_w_deposit_eur'),
  ('seed_t_819', 'e2e00000-0000-4000-8000-000000000001', 2, 1729789765802, 1781436653679, 'transfer', 'Monthly savings', null, null, 38980, 'demo_w_debit_rub', 400, 'demo_w_savings'),
  ('seed_t_820', 'e2e00000-0000-4000-8000-000000000001', 2, 1779631261340, 1781436653679, 'transfer', 'ATM withdrawal', null, null, 3330, 'demo_w_debit_rub', 3330, 'demo_w_cash_rub'),
  ('seed_t_821', 'e2e00000-0000-4000-8000-000000000001', 2, 1740979326751, 1781436653679, 'transfer', 'ATM withdrawal', null, null, 12330, 'demo_w_debit_rub', 12330, 'demo_w_cash_rub'),
  ('seed_t_822', 'e2e00000-0000-4000-8000-000000000001', 2, 1780170694223, 1781436653679, 'transfer', 'ATM withdrawal', null, null, 10630, 'demo_w_debit_rub', 10630, 'demo_w_cash_rub'),
  ('seed_t_823', 'e2e00000-0000-4000-8000-000000000001', 2, 1739100478462, 1781436653679, 'transfer', 'ATM withdrawal', null, null, 17830, 'demo_w_debit_rub', 17830, 'demo_w_cash_rub'),
  ('seed_t_824', 'e2e00000-0000-4000-8000-000000000001', 2, 1743938332974, 1781436653679, 'transfer', 'Buy crypto', null, null, 150, 'demo_w_usd', 150, 'demo_w_crypto'),
  ('seed_t_825', 'e2e00000-0000-4000-8000-000000000001', 2, 1750010641263, 1781436653679, 'transfer', 'ATM withdrawal', null, null, 12810, 'demo_w_debit_rub', 12810, 'demo_w_cash_rub'),
  ('seed_t_826', 'e2e00000-0000-4000-8000-000000000001', 2, 1781128979180, 1781436653679, 'transfer', 'ATM withdrawal', null, null, 17830, 'demo_w_debit_rub', 17830, 'demo_w_cash_rub'),
  ('seed_t_827', 'e2e00000-0000-4000-8000-000000000001', 2, 1764406577147, 1781436653679, 'transfer', 'ATM withdrawal', null, null, 15090, 'demo_w_debit_rub', 15090, 'demo_w_cash_rub'),
  ('seed_t_828', 'e2e00000-0000-4000-8000-000000000001', 2, 1769406435368, 1781436653679, 'transfer', 'Monthly savings', null, null, 18520, 'demo_w_debit_rub', 190, 'demo_w_savings'),
  ('seed_t_829', 'e2e00000-0000-4000-8000-000000000001', 2, 1773261521232, 1781436653679, 'transfer', 'Top up deposit', null, null, 1020, 'demo_w_usd', 940, 'demo_w_deposit_eur'),
  ('seed_t_830', 'e2e00000-0000-4000-8000-000000000001', 2, 1751692879788, 1781436653679, 'transfer', 'ATM withdrawal', null, null, 16440, 'demo_w_debit_rub', 16440, 'demo_w_cash_rub'),
  ('seed_t_831', 'e2e00000-0000-4000-8000-000000000001', 2, 1781317447363, 1781436653679, 'transfer', 'Monthly savings', null, null, 30210, 'demo_w_debit_rub', 310, 'demo_w_savings'),
  ('seed_t_832', 'e2e00000-0000-4000-8000-000000000001', 2, 1750155879262, 1781436653679, 'transfer', 'Credit repayment', null, null, 44690, 'demo_w_debit_rub', 44690, 'demo_w_credit_rub'),
  ('seed_t_833', 'e2e00000-0000-4000-8000-000000000001', 2, 1706959753023, 1781436653679, 'transfer', 'ATM withdrawal', null, null, 15500, 'demo_w_debit_rub', 15500, 'demo_w_cash_rub'),
  ('seed_t_834', 'e2e00000-0000-4000-8000-000000000001', 2, 1722537676129, 1781436653679, 'transfer', 'ATM withdrawal', null, null, 10260, 'demo_w_debit_rub', 10260, 'demo_w_cash_rub'),
  ('seed_t_835', 'e2e00000-0000-4000-8000-000000000001', 2, 1737617815375, 1781436653679, 'transfer', 'Top up deposit', null, null, 430, 'demo_w_usd', 390, 'demo_w_deposit_eur'),
  ('seed_t_836', 'e2e00000-0000-4000-8000-000000000001', 2, 1715324645507, 1781436653679, 'transfer', 'Credit repayment', null, null, 28070, 'demo_w_debit_rub', 28070, 'demo_w_credit_rub'),
  ('seed_t_837', 'e2e00000-0000-4000-8000-000000000001', 2, 1770905611395, 1781436653679, 'transfer', 'Buy crypto', null, null, 300, 'demo_w_usd', 300, 'demo_w_crypto'),
  ('seed_t_838', 'e2e00000-0000-4000-8000-000000000001', 2, 1767839074500, 1781436653679, 'transfer', 'ATM withdrawal', null, null, 19610, 'demo_w_debit_rub', 19610, 'demo_w_cash_rub'),
  ('seed_t_839', 'e2e00000-0000-4000-8000-000000000001', 2, 1761660010621, 1781436653679, 'transfer', 'Monthly savings', null, null, 34110, 'demo_w_debit_rub', 350, 'demo_w_savings'),
  ('seed_t_840', 'e2e00000-0000-4000-8000-000000000001', 2, 1739034010855, 1781436653679, 'transfer', 'Credit repayment', null, null, 39060, 'demo_w_debit_rub', 39060, 'demo_w_credit_rub'),
  ('seed_t_841', 'e2e00000-0000-4000-8000-000000000001', 2, 1760050416354, 1781436653679, 'transfer', 'Top up deposit', null, null, 440, 'demo_w_usd', 400, 'demo_w_deposit_eur'),
  ('seed_t_842', 'e2e00000-0000-4000-8000-000000000001', 2, 1749382349331, 1781436653679, 'transfer', 'Monthly savings', null, null, 39960, 'demo_w_debit_rub', 410, 'demo_w_savings'),
  ('seed_t_843', 'e2e00000-0000-4000-8000-000000000001', 2, 1709722176916, 1781436653679, 'transfer', 'Monthly savings', null, null, 21440, 'demo_w_debit_rub', 220, 'demo_w_savings'),
  ('seed_t_844', 'e2e00000-0000-4000-8000-000000000001', 2, 1760037094739, 1781436653679, 'transfer', 'ATM withdrawal', null, null, 6290, 'demo_w_debit_rub', 6290, 'demo_w_cash_rub'),
  ('seed_t_845', 'e2e00000-0000-4000-8000-000000000001', 2, 1728829479271, 1781436653679, 'transfer', 'Buy crypto', null, null, 380, 'demo_w_usd', 380, 'demo_w_crypto'),
  ('seed_t_846', 'e2e00000-0000-4000-8000-000000000001', 2, 1743966807018, 1781436653679, 'transfer', 'Monthly savings', null, null, 22410, 'demo_w_debit_rub', 230, 'demo_w_savings'),
  ('seed_t_847', 'e2e00000-0000-4000-8000-000000000001', 2, 1760035542265, 1781436653679, 'transfer', 'ATM withdrawal', null, null, 8690, 'demo_w_debit_rub', 8690, 'demo_w_cash_rub'),
  ('seed_t_848', 'e2e00000-0000-4000-8000-000000000001', 2, 1775828215256, 1781436653679, 'transfer', 'Monthly savings', null, null, 12670, 'demo_w_debit_rub', 130, 'demo_w_savings'),
  ('seed_t_849', 'e2e00000-0000-4000-8000-000000000001', 2, 1775973772251, 1781436653679, 'transfer', 'Monthly savings', null, null, 21440, 'demo_w_debit_rub', 220, 'demo_w_savings'),
  ('seed_t_850', 'e2e00000-0000-4000-8000-000000000001', 2, 1779313138035, 1781436653679, 'transfer', 'Credit repayment', null, null, 36340, 'demo_w_debit_rub', 36340, 'demo_w_credit_rub'),
  ('seed_t_851', 'e2e00000-0000-4000-8000-000000000001', 2, 1777577839620, 1781436653679, 'transfer', 'Buy crypto', null, null, 320, 'demo_w_usd', 320, 'demo_w_crypto'),
  ('seed_t_852', 'e2e00000-0000-4000-8000-000000000001', 2, 1745427197982, 1781436653679, 'transfer', 'Credit repayment', null, null, 29590, 'demo_w_debit_rub', 29590, 'demo_w_credit_rub'),
  ('seed_t_853', 'e2e00000-0000-4000-8000-000000000001', 2, 1767011782828, 1781436653679, 'transfer', 'Monthly savings', null, null, 38010, 'demo_w_debit_rub', 390, 'demo_w_savings'),
  ('seed_t_854', 'e2e00000-0000-4000-8000-000000000001', 2, 1735676722315, 1781436653679, 'transfer', 'Top up deposit', null, null, 970, 'demo_w_usd', 890, 'demo_w_deposit_eur'),
  ('seed_t_855', 'e2e00000-0000-4000-8000-000000000001', 2, 1740871016782, 1781436653679, 'transfer', 'ATM withdrawal', null, null, 18790, 'demo_w_debit_rub', 18790, 'demo_w_cash_rub'),
  ('seed_t_856', 'e2e00000-0000-4000-8000-000000000001', 2, 1780162894220, 1781436653679, 'transfer', 'ATM withdrawal', null, null, 6160, 'demo_w_debit_rub', 6160, 'demo_w_cash_rub'),
  ('seed_t_857', 'e2e00000-0000-4000-8000-000000000001', 1, 1743766666698, 1781436653679, 'adjustment', 'Balance adjustment', 15810, 'demo_w_credit_rub', null, null, null, null),
  ('seed_t_858', 'e2e00000-0000-4000-8000-000000000001', 1, 1738733996301, 1781436653679, 'adjustment', 'Balance adjustment', 10760, 'demo_w_deposit_eur', null, null, null, null),
  ('seed_t_859', 'e2e00000-0000-4000-8000-000000000001', 1, 1726221621166, 1781436653679, 'adjustment', 'Balance adjustment', 5460, 'demo_w_debit_rub', null, null, null, null);

commit;
